"VEHICLES_MAKER_NAME","VEHICLES_PRICE"
"Honda Amaze Diesel","560000"
"Honda Amaze Petrol","473000"
"Honda Jazz Petrol","600000"
"Honda BR-V Petrol","800000"
"Honda City Diesel","892000"
"Honda WR-V Diesel","791000"
"Honda BR-V Diesel","928000"
"Honda Brio Diesel","481000"
"&quot;Acura RL Gas&quot;","&quot;975000&quot;"
"&quot;Kia Carnival Diesel&quot;","&quot;682500&quot;"
"&quot;Volkswagen Passat CC Diesel&quot;","&quot;1755000&quot;"
"&quot;Volkswagen Golf V Gas&quot;","&quot;637000&quot;"
"&quot;VAZ 2109 Petrol&quot;","&quot;123500&quot;"
"&quot;Land Rover Range Rover Evoque Petrol&quot;","&quot;2730000&quot;"
"&quot;BMW X3 Diesel&quot;","&quot;442000&quot;"
"&quot;Mercedes-Benz ML 350 Diesel&quot;","&quot;2132000&quot;"
"&quot;Hyundai Terracan Diesel&quot;","&quot;256750&quot;"
"&quot;Mercedes-Benz CLS 350 Diesel&quot;","&quot;3542500&quot;"
"&quot;Porsche Panamera Other&quot;","&quot;7280000&quot;"
"&quot;Volkswagen Passat CC Other&quot;","&quot;1495000&quot;"
"&quot;Opel Astra J Petrol&quot;","&quot;672750&quot;"
"&quot;SsangYong Rodius Diesel&quot;","&quot;799500&quot;"
"&quot;BMW 745 Petrol&quot;","&quot;584935&quot;"
"&quot;Peugeot 3008 Other&quot;","&quot;864500&quot;"
"&quot;Lexus RX 400 Other&quot;","&quot;897000&quot;"
"&quot;Mazda 6 MPS Petrol&quot;","&quot;682500&quot;"
"&quot;Mazda 3 Gas&quot;","&quot;702000&quot;"
"&quot;Audi A8 Gas&quot;","&quot;819000&quot;"
"&quot;Renault Megane Other&quot;","&quot;383500&quot;"
"&quot;Peugeot 206 Petrol&quot;","&quot;350350&quot;"
"&quot;Volkswagen Passat B5 Other&quot;","&quot;152750&quot;"
"&quot;Skoda Octavia Tour Other&quot;","&quot;195000&quot;"
"&quot;Volkswagen Sharan Gas&quot;","&quot;389935&quot;"
"&quot;Mercedes-Benz ML 63 AMG Petrol&quot;","&quot;2600000&quot;"
"&quot;Aston Martin DB9 Petrol&quot;","&quot;4225000&quot;"
"&quot;Mercedes-Benz 190 Petrol&quot;","&quot;253500&quot;"
"&quot;Toyota Hilux Diesel&quot;","&quot;2859935&quot;"
"&quot;Renault 11 Gas&quot;","&quot;117000&quot;"
"&quot;Mercedes-Benz B 200 Diesel&quot;","&quot;884000&quot;"
"&quot;Mercedes-Benz 230 Gas&quot;","&quot;175500&quot;"
"&quot;BMW 5 Series Petrol&quot;","&quot;578500&quot;"
"&quot;Ford Fiesta Diesel&quot;","&quot;598000&quot;"
"&quot;Mercedes-Benz SLK 200 Petrol&quot;","&quot;975000&quot;"
"&quot;Opel Astra F Petrol&quot;","&quot;188500&quot;"
"&quot;ZAZ Lanos Gas&quot;","&quot;292500&quot;"
"&quot;Fiat Linea Diesel&quot;","&quot;572000&quot;"
"&quot;Renault Sandero Petrol&quot;","&quot;435500&quot;"
"&quot;Citroen DS4 Diesel&quot;","&quot;1423500&quot;"
"&quot;Volkswagen Lupo Petrol&quot;","&quot;143000&quot;"
"&quot;BMW 745 Other&quot;","&quot;845000&quot;"
"&quot;Toyota Corolla Other&quot;","&quot;617500&quot;"
"&quot;Geely MK Cross Gas&quot;","&quot;435500&quot;"
"&quot;VAZ 2110 Petrol&quot;","&quot;260000&quot;"
"&quot;Skoda Octavia Tour Diesel&quot;","&quot;520000&quot;"
"&quot;Suzuki Kizashi Petrol&quot;","&quot;416000&quot;"
"&quot;Mitsubishi Lancer Diesel&quot;","&quot;149500&quot;"
"&quot;BMW 730 Petrol&quot;","&quot;305500&quot;"
"&quot;Fiat Panda Petrol&quot;","&quot;63700&quot;"
"&quot;Nissan Navara Diesel&quot;","&quot;942500&quot;"
"&quot;Chery Tiggo Petrol&quot;","&quot;722234.175&quot;"
"&quot;Rover Range Rover Petrol&quot;","&quot;2502500&quot;"
"&quot;Honda Pilot Petrol&quot;","&quot;1267435&quot;"
"&quot;SsangYong Rexton Diesel&quot;","&quot;585000&quot;"
"&quot;Kia Rio Gas&quot;","&quot;767000&quot;"
"&quot;VAZ 2103 Petrol&quot;","&quot;130000&quot;"
"&quot;Renault Symbol Gas&quot;","&quot;318500&quot;"
"&quot;Volkswagen Touran Gas&quot;","&quot;519935&quot;"
"&quot;Opel Insignia Petrol&quot;","&quot;812500&quot;"
"&quot;Nissan X-Trail Gas&quot;","&quot;682500&quot;"
"&quot;Hummer H2 Gas&quot;","&quot;2567500&quot;"
"&quot;Toyota Land Cruiser Prado Other&quot;","&quot;3412500&quot;"
"&quot;VAZ 2113 Gas&quot;","&quot;234000&quot;"
"&quot;Toyota Mark II Gas&quot;","&quot;260000&quot;"
"&quot;Opel Vectra A Gas&quot;","&quot;253500&quot;"
"&quot;Seat Leon Gas&quot;","&quot;477750&quot;"
"&quot;Land Rover Freelander Petrol&quot;","&quot;227500&quot;"
"&quot;GAZ 31105 Petrol&quot;","&quot;247000&quot;"
"&quot;Honda Amaze Petrol&quot;","&quot;473000&quot;"
"&quot;Honda Amaze Diesel&quot;","&quot;560000&quot;"
"&quot;Honda City Petrol&quot;","&quot;1100000&quot;"
"&quot;Honda WR-V Petrol&quot;","&quot;791000&quot;"
"&quot;Honda Brio Petrol&quot;","&quot;500000&quot;"
"&quot;Honda CR-V Petrol&quot;","&quot;2200000&quot;"
"&quot;Honda City Diesel&quot;","&quot;892000&quot;"
"&quot;Honda Jazz Diesel&quot;","&quot;606000&quot;"
"&quot;Honda BR-V Diesel&quot;","&quot;928000&quot;"
"&quot;Honda CR-V Diesel&quot;","&quot;2500000&quot;"
"&quot;Honda Activa 5G&quot;","&quot;54643&quot;"
"&quot;Honda Activa i&quot;","&quot;51194&quot;"
"&quot;Hero Pleasure&quot;","&quot;48000&quot;"
"&quot;BMW 5 Series GT Petrol&quot;","&quot;2112500&quot;"
"&quot;Chrysler PT Cruiser Petrol&quot;","&quot;812500&quot;"
"&quot;VAZ 1119 Petrol&quot;","&quot;227500&quot;"
"&quot;VAZ 2112 Gas&quot;","&quot;260000&quot;"
"&quot;Volkswagen Golf V Petrol&quot;","&quot;598000&quot;"
"&quot;Nissan Sentra Petrol&quot;","&quot;1197381.9&quot;"
"&quot;Renault Scenic Gas&quot;","&quot;373750&quot;"
"&quot;Mercedes-Benz ML 500 Gas&quot;","&quot;1300000&quot;"
"&quot;Skoda Yeti Petrol&quot;","&quot;1040000&quot;"
"&quot;Fiat Grande Punto Petrol&quot;","&quot;390000&quot;"
"&quot;Subaru Outback Other&quot;","&quot;1091935&quot;"
"&quot;BMW X5 Other&quot;","&quot;1404000&quot;"
"&quot;Nissan Maxima Petrol&quot;","&quot;454935&quot;"
"&quot;Land Rover Freelander Diesel&quot;","&quot;1365000&quot;"
"&quot;Jeep Wrangler Petrol&quot;","&quot;812500&quot;"
"&quot;VAZ 2104 Petrol&quot;","&quot;117000&quot;"
"&quot;Renault Logan Petrol&quot;","&quot;568750&quot;"
"&quot;Mercedes-Benz S 250 Diesel&quot;","&quot;3575000&quot;"
"&quot;ZAZ Forza Gas&quot;","&quot;325000&quot;"
"&quot;Opel Insignia Gas&quot;","&quot;828750&quot;"
"&quot;Kia Cerato Gas&quot;","&quot;487500&quot;"
"&quot;BMW 640 Diesel&quot;","&quot;5561075&quot;"
"&quot;Mitsubishi Pajero Sport Other&quot;","&quot;630500&quot;"
"&quot;Renault 25 Gas&quot;","&quot;64935&quot;"
"&quot;Ford Fusion Diesel&quot;","&quot;416000&quot;"
"&quot;Volvo XC60 Petrol&quot;","&quot;1364935&quot;"
"&quot;Ford Fusion Gas&quot;","&quot;448500&quot;"
"&quot;Mitsubishi Lancer X Other&quot;","&quot;533000&quot;"
"&quot;Mercedes-Benz ML 320 Petrol&quot;","&quot;649935&quot;"
"&quot;Opel Astra H Petrol&quot;","&quot;416000&quot;"
"&quot;Nissan Note Gas&quot;","&quot;497250&quot;"
"&quot;Chevrolet Evanda Petrol&quot;","&quot;344500&quot;"
"&quot;Kia Soul Petrol&quot;","&quot;747500&quot;"
"&quot;Volkswagen Passat B8 Diesel&quot;","&quot;2574975&quot;"
"&quot;Fiat Tipo Petrol&quot;","&quot;126750&quot;"
"&quot;Volkswagen Golf IV Gas&quot;","&quot;162500&quot;"
"&quot;Audi A5 Diesel&quot;","&quot;975000&quot;"
"&quot;Volkswagen Polo Gas&quot;","&quot;585000&quot;"
"&quot;Nissan Patrol Petrol&quot;","&quot;2522000&quot;"
"&quot;Peugeot 307 Gas&quot;","&quot;409500&quot;"
"&quot;Seat Leon Diesel&quot;","&quot;455000&quot;"
"&quot;BMW 535 Gas&quot;","&quot;487500&quot;"
"&quot;Skoda Octavia Gas&quot;","&quot;520000&quot;"
"&quot;Daewoo Matiz Other&quot;","&quot;256750&quot;"
"&quot;SsangYong Korando Diesel&quot;","&quot;806000&quot;"
"&quot;Renault Fluence Gas&quot;","&quot;802750&quot;"
"&quot;Skoda Octavia A5 Other&quot;","&quot;494000&quot;"
"&quot;Audi A8 Other&quot;","&quot;4186000&quot;"
"&quot;Daewoo Nubira Gas&quot;","&quot;259935&quot;"
"&quot;Dacia Logan Petrol&quot;","&quot;285935&quot;"
"&quot;Geely CK Petrol&quot;","&quot;201500&quot;"
"&quot;Volkswagen Golf V Diesel&quot;","&quot;454935&quot;"
"&quot;Nissan Almera Diesel&quot;","&quot;136500&quot;"
"&quot;Nissan Patrol Diesel&quot;","&quot;429000&quot;"
"&quot;Hyundai ix55 (Veracruz) Gas&quot;","&quot;1007500&quot;"
"&quot;Ford Orion Petrol&quot;","&quot;113750&quot;"
"&quot;BMW 1 Series Petrol&quot;","&quot;266500&quot;"
"&quot;Kia Sephia Gas&quot;","&quot;195000&quot;"
"&quot;Alfa Romeo 159 Petrol&quot;","&quot;786500&quot;"
"&quot;Volkswagen Passat B4 Gas&quot;","&quot;234000&quot;"
"&quot;Renault Sandero Diesel&quot;","&quot;663000&quot;"
"&quot;BMW 525 Gas&quot;","&quot;533000&quot;"
"&quot;Hyundai i30 Gas&quot;","&quot;526500&quot;"
"&quot;Mazda MPV Diesel&quot;","&quot;441935&quot;"
"&quot;Mercedes-Benz 190 Gas&quot;","&quot;214500&quot;"
"&quot;Jaguar XF Diesel&quot;","&quot;3106642.5&quot;"
"&quot;Volkswagen Golf IV Diesel&quot;","&quot;175500&quot;"
"&quot;Nissan Sunny Petrol&quot;","&quot;234000&quot;"
"&quot;GMC Savana Petrol&quot;","&quot;2664935&quot;"
"&quot;Toyota Yaris Petrol&quot;","&quot;761007&quot;"
"&quot;ZAZ Sens Gas&quot;","&quot;393989.7&quot;"
"&quot;Peugeot 2008 Petrol&quot;","&quot;1235000&quot;"
"&quot;Lincoln Town Car Gas&quot;","&quot;650000&quot;"
"&quot;Mazda 3 Other&quot;","&quot;468000&quot;"
"&quot;MINI Cooper Petrol&quot;","&quot;1332500&quot;"
"&quot;Citroen C-Elysee Petrol&quot;","&quot;552435&quot;"
"&quot;Ford Galaxy Gas&quot;","&quot;149500&quot;"
"&quot;Volkswagen Golf IV Other&quot;","&quot;390000&quot;"
"&quot;Aston Martin Rapide Petrol&quot;","&quot;8125000&quot;"
"&quot;Opel Vectra B Other&quot;","&quot;240500&quot;"
"&quot;Opel Kadett Gas&quot;","&quot;136500&quot;"
"&quot;Renault Laguna Petrol&quot;","&quot;156000&quot;"
"&quot;Peugeot 407 Gas&quot;","&quot;455000&quot;"
"&quot;Mercedes-Benz GL 450 Gas&quot;","&quot;1670500&quot;"
"&quot;VAZ 2104 Gas&quot;","&quot;152750&quot;"
"&quot;Renault Logan Diesel&quot;","&quot;533000&quot;"
"&quot;Ford Focus Electric Other&quot;","&quot;862290&quot;"
"&quot;Geely MK Petrol&quot;","&quot;338000&quot;"
"&quot;Nissan Note Diesel&quot;","&quot;649935&quot;"
"&quot;Lexus GX Petrol&quot;","&quot;1807000&quot;"
"&quot;VAZ 2110 Gas&quot;","&quot;182000&quot;"
"&quot;BMW 730 Other&quot;","&quot;299000&quot;"
"&quot;Opel Kadett Petrol&quot;","&quot;123500&quot;"
"&quot;Mercedes-Benz S 500 Gas&quot;","&quot;708500&quot;"
"&quot;Suzuki SX4 Petrol&quot;","&quot;581750&quot;"
"&quot;Hyundai Elantra Other&quot;","&quot;858000&quot;"
"&quot;Mercedes-Benz 190 Diesel&quot;","&quot;120250&quot;"
"&quot;VAZ 2104 Other&quot;","&quot;84435&quot;"
"&quot;Ford Escort Diesel&quot;","&quot;214500&quot;"
"&quot;Ford Sierra Other&quot;","&quot;87750&quot;"
"&quot;VAZ 2110 Other&quot;","&quot;260000&quot;"
"&quot;VAZ 21093 Gas&quot;","&quot;182000&quot;"
"&quot;Chrysler 300 C Other&quot;","&quot;1105000&quot;"
"&quot;Renault Symbol Diesel&quot;","&quot;467935&quot;"
"&quot;VAZ 2103 Gas&quot;","&quot;97500&quot;"
"&quot;ZAZ Vida Gas&quot;","&quot;455000&quot;"
"&quot;Audi 80 Petrol&quot;","&quot;172250&quot;"
"&quot;Volvo XC90 Diesel&quot;","&quot;1417000&quot;"
"&quot;Lexus ES 300 Gas&quot;","&quot;682500&quot;"
"&quot;Chevrolet Tacuma Gas&quot;","&quot;325000&quot;"
"&quot;Opel Astra G Gas&quot;","&quot;383500&quot;"
"&quot;Citroen C4 Gas&quot;","&quot;455000&quot;"
"&quot;Citroen C3 Picasso Gas&quot;","&quot;598000&quot;"
"&quot;Honda Jazz Petrol&quot;","&quot;600000&quot;"
"&quot;Honda BR-V Petrol&quot;","&quot;800000&quot;"
"&quot;Honda Accord Petrol&quot;","&quot;4400000&quot;"
"&quot;Honda WR-V Diesel&quot;","&quot;791000&quot;"
"&quot;Honda Brio Diesel&quot;","&quot;481000&quot;"
"&quot;Honda Accord Diesel&quot;","&quot;4200000&quot;"
"&quot;Honda Civic Electric&quot;","&quot;2500000&quot;"
"&quot;TVS Jupiter&quot;","&quot;54115&quot;"
"&quot;TVS Scooty Zest&quot;","&quot;54294&quot;"
"&quot;Acura MDX Petrol&quot;","&quot;1017250&quot;"
"&quot;Lexus LS 460 Other&quot;","&quot;721500&quot;"
"&quot;Fiat Punto Petrol&quot;","&quot;432250&quot;"
"&quot;Geely MK Cross Petrol&quot;","&quot;409500&quot;"
"&quot;Mercedes-Benz CL 500 Other&quot;","&quot;578500&quot;"
"&quot;Chery Amulet Gas&quot;","&quot;377000&quot;"
"&quot;Chevrolet Malibu Other&quot;","&quot;1560000&quot;"
"&quot;Volkswagen Golf II Gas&quot;","&quot;149500&quot;"
"&quot;Lexus RX 270 Petrol&quot;","&quot;2788500&quot;"
"&quot;Nissan Sunny Diesel&quot;","&quot;94250&quot;"
"&quot;Mercedes-Benz 320 Diesel&quot;","&quot;1118000&quot;"
"&quot;Mercedes-Benz 200 Diesel&quot;","&quot;129935&quot;"
"&quot;Mercedes-Benz ML 550 Petrol&quot;","&quot;1774500&quot;"
"&quot;Volkswagen Golf Plus Petrol&quot;","&quot;906750&quot;"
"&quot;Volkswagen Golf III Diesel&quot;","&quot;77935&quot;"
"&quot;Chery Jaggi Petrol&quot;","&quot;266500&quot;"
"&quot;Mercedes-Benz CLA-Class Diesel&quot;","&quot;2502500&quot;"
"&quot;Nissan Sunny Other&quot;","&quot;149500&quot;"
"&quot;Audi 100 Diesel&quot;","&quot;227500&quot;"
"&quot;Nissan Pathfinder Gas&quot;","&quot;585000&quot;"
"&quot;Mercedes-Benz S 55 Petrol&quot;","&quot;422500&quot;"
"&quot;Mercedes-Benz CLS 63 AMG Petrol&quot;","&quot;5525000&quot;"
"&quot;Renault Fluence Petrol&quot;","&quot;780000&quot;"
"&quot;Smart Fortwo Diesel&quot;","&quot;474500&quot;"
"&quot;Fiat 500 Petrol&quot;","&quot;734500&quot;"
"&quot;BMW 735 Gas&quot;","&quot;617500&quot;"
"&quot;Mercedes-Benz Smart Petrol&quot;","&quot;247000&quot;"
"&quot;Dodge Avenger Petrol&quot;","&quot;474500&quot;"
"&quot;Mercedes-Benz GL 450 Petrol&quot;","&quot;2528500&quot;"
"&quot;Kia Carens Petrol&quot;","&quot;741000&quot;"
"&quot;Acura TL Gas&quot;","&quot;565435&quot;"
"&quot;Geely CK-2 Gas&quot;","&quot;266500&quot;"
"&quot;Chery Kimo Petrol&quot;","&quot;292500&quot;"
"&quot;Hyundai Pony Petrol&quot;","&quot;149500&quot;"
"&quot;Mercedes-Benz S 550 Other&quot;","&quot;2723500&quot;"
"&quot;TATA Xenon Diesel&quot;","&quot;838500&quot;"
"&quot;ZX LandMark Petrol&quot;","&quot;500500&quot;"
"&quot;Renault Captur Petrol&quot;","&quot;1146565.417&quot;"
"&quot;Opel Zafira Petrol&quot;","&quot;715000&quot;"
"&quot;Mercedes-Benz SL 500 (550) Other&quot;","&quot;1332500&quot;"
"&quot;Mercedes-Benz ML 280 Diesel&quot;","&quot;1287000&quot;"
"&quot;BMW 645 Petrol&quot;","&quot;1605500&quot;"
"&quot;Mercedes-Benz 210 Petrol&quot;","&quot;455000&quot;"
"&quot;BMW X5 M Diesel&quot;","&quot;2437500&quot;"
"&quot;VAZ 2109 Other&quot;","&quot;103935&quot;"
"&quot;VAZ 2102 Petrol&quot;","&quot;25286.625&quot;"
"&quot;UAZ 469 Petrol&quot;","&quot;520000&quot;"
"&quot;Nissan Kubistar Diesel&quot;","&quot;308750&quot;"
"&quot;Toyota Tundra Gas&quot;","&quot;2502500&quot;"
"&quot;Hyundai Grandeur Gas&quot;","&quot;715000&quot;"
"&quot;Renault Laguna Gas&quot;","&quot;461500&quot;"
"&quot;Peugeot 607 Gas&quot;","&quot;377000&quot;"
"&quot;Fiat Linea Petrol&quot;","&quot;559000&quot;"
"&quot;Lifan 520 Petrol&quot;","&quot;227500&quot;"
"&quot;Chevrolet Aveo Other&quot;","&quot;435500&quot;"
"&quot;VAZ 2123 Gas&quot;","&quot;253500&quot;"
"&quot;Toyota Venza Other&quot;","&quot;1514500&quot;"
"&quot;GAZ 21 Other&quot;","&quot;16857.75&quot;"
"&quot;Toyota Sienna Other&quot;","&quot;926250&quot;"
"&quot;Volkswagen Vento Petrol&quot;","&quot;100750&quot;"
"&quot;Seat Cordoba Gas&quot;","&quot;494000&quot;"
"&quot;Toyota Corolla Verso Petrol&quot;","&quot;487500&quot;"
"&quot;Renault Fluence Diesel&quot;","&quot;604500&quot;"
"&quot;Fiat Uno Petrol&quot;","&quot;60206.25&quot;"
"&quot;Suzuki Vitara Petrol&quot;","&quot;1261923&quot;"
"&quot;GAZ 2410 Petrol&quot;","&quot;130000&quot;"
"&quot;Mercedes-Benz CLS 350 Gas&quot;","&quot;581750&quot;"
"&quot;Mercury Grand Marquis Gas&quot;","&quot;650000&quot;"
"&quot;Mitsubishi Space Wagon Gas&quot;","&quot;273000&quot;"
"&quot;Jeep Wrangler Other&quot;","&quot;1755000&quot;"
"&quot;Jaguar S-Type Petrol&quot;","&quot;487500&quot;"
"&quot;VAZ 2104 Diesel&quot;","&quot;169000&quot;"
"&quot;Chevrolet Evanda Gas&quot;","&quot;422500&quot;"
"&quot;Toyota Lite Ace Gas&quot;","&quot;71500&quot;"
"&quot;Opel Corsa Gas&quot;","&quot;201500&quot;"
"&quot;Skoda Superb Other&quot;","&quot;305500&quot;"
"&quot;Mitsubishi Pajero Pinin Petrol&quot;","&quot;513500&quot;"
"&quot;Ford Escort Gas&quot;","&quot;45500&quot;"
"&quot;Groz Shuttle Gas&quot;","&quot;325000&quot;"
"&quot;Volkswagen Bora Gas&quot;","&quot;318500&quot;"
"&quot;ZAZ Lanos Other&quot;","&quot;240500&quot;"
"&quot;Toyota Auris Gas&quot;","&quot;903500&quot;"
"&quot;Peugeot 106 Petrol&quot;","&quot;123500&quot;"
"&quot;BMW Z3 Petrol&quot;","&quot;325000&quot;"
"&quot;Seat Toledo Petrol&quot;","&quot;520000&quot;"
"&quot;Mazda Xedos 9 Gas&quot;","&quot;324935&quot;"
"&quot;Ford Ranger Petrol&quot;","&quot;331500&quot;"
"&quot;Mazda Tribute Gas&quot;","&quot;812500&quot;"
"&quot;VAZ 2171 Gas&quot;","&quot;357500&quot;"
"&quot;Hyundai Coupe Gas&quot;","&quot;695500&quot;"
"&quot;Lexus GS 300 Other&quot;","&quot;910000&quot;"
"&quot;Audi TT Gas&quot;","&quot;845000&quot;"
"&quot;Lexus LS 430 Gas&quot;","&quot;585000&quot;"
"&quot;Mercedes-Benz S 140 Diesel&quot;","&quot;708500&quot;"
"&quot;GAZ 24 Gas&quot;","&quot;247000&quot;"
"&quot;Lexus SC 430 Petrol&quot;","&quot;1300000&quot;"
"&quot;Subaru Tribeca Other&quot;","&quot;1137500&quot;"
"&quot;Mercedes-Benz A 170 Diesel&quot;","&quot;227500&quot;"
"&quot;Renault 9 Gas&quot;","&quot;78000&quot;"
"&quot;Toyota Corolla Diesel&quot;","&quot;533000&quot;"
"&quot;Lexus CT Other&quot;","&quot;1495000&quot;"
"&quot;VAZ 2112 Other&quot;","&quot;234000&quot;"
"&quot;Citroen DS4 Gas&quot;","&quot;903500&quot;"
"&quot;Mercedes-Benz CLK 280 Petrol&quot;","&quot;1430000&quot;"
"&quot;Mercedes-Benz SLK 350 Petrol&quot;","&quot;1228500&quot;"
"&quot;Peugeot 406 Petrol&quot;","&quot;747500&quot;"
"&quot;Volvo XC60 Diesel&quot;","&quot;2528500&quot;"
"&quot;Great Wall Hover Gas&quot;","&quot;552500&quot;"
"&quot;Renault Modus Petrol&quot;","&quot;484250&quot;"
"&quot;Moskvich-Izh 2117 Gas&quot;","&quot;72245.09175&quot;"
"&quot;Moskvich-Izh 2717 Gas&quot;","&quot;71500&quot;"
"&quot;Saab 43229 Petrol&quot;","&quot;455000&quot;"
"&quot;Chery Eastar Gas&quot;","&quot;312000&quot;"
"&quot;Lancia Thema Diesel&quot;","&quot;126750&quot;"
"&quot;Hyundai Matrix Diesel&quot;","&quot;468000&quot;"
"&quot;Mercedes-Benz S 320 Gas&quot;","&quot;487500&quot;"
"&quot;Toyota Land Cruiser 80 Diesel&quot;","&quot;572000&quot;"
"&quot;GAZ 24 Other&quot;","&quot;422500&quot;"
"&quot;Volkswagen Touareg Other&quot;","&quot;4225000&quot;"
"&quot;Lifan 320 Petrol&quot;","&quot;279500&quot;"
"&quot;Lexus ES 330 Gas&quot;","&quot;702000&quot;"
"&quot;Ford F-350 Other&quot;","&quot;1397500&quot;"
"&quot;Peugeot 206 Gas&quot;","&quot;383500&quot;"
"&quot;BMW X3 Gas&quot;","&quot;1410500&quot;"
"&quot;Mercedes-Benz CLK 200 Petrol&quot;","&quot;188500&quot;"
"&quot;Geely CK-2 Petrol&quot;","&quot;318500&quot;"
"&quot;Subaru Forester Other&quot;","&quot;520000&quot;"
"&quot;Mercedes-Benz A 150 Petrol&quot;","&quot;760500&quot;"
"&quot;Lexus IS 200 Diesel&quot;","&quot;182000&quot;"
"&quot;Jaguar X-Type Petrol&quot;","&quot;637000&quot;"
"&quot;Fiat Tipo Gas&quot;","&quot;201500&quot;"
"&quot;Subaru Impreza Gas&quot;","&quot;422500&quot;"
"&quot;Chevrolet Lumina Petrol&quot;","&quot;227500&quot;"
"&quot;Chery Jaggi Gas&quot;","&quot;195000&quot;"
"&quot;Hyundai Getz Other&quot;","&quot;331500&quot;"
"&quot;Toyota Land Cruiser 80 Gas&quot;","&quot;682500&quot;"
"&quot;Mitsubishi Pajero Petrol&quot;","&quot;454350&quot;"
"&quot;Audi Q3 Diesel&quot;","&quot;2502500&quot;"
"&quot;Chery M11 Petrol&quot;","&quot;390000&quot;"
"&quot;Citroen C5 Petrol&quot;","&quot;351000&quot;"
"&quot;Volkswagen Passat B3 Diesel&quot;","&quot;195000&quot;"
"&quot;BMW 520 Other&quot;","&quot;1170000&quot;"
"&quot;GAZ 31029 Gas&quot;","&quot;107250&quot;"
"&quot;Mercedes-Benz ML 320 Gas&quot;","&quot;585000&quot;"
"&quot;Toyota Yaris Diesel&quot;","&quot;812500&quot;"
"&quot;Lincoln Navigator Gas&quot;","&quot;812500&quot;"
"&quot;Hyundai i30 Other&quot;","&quot;643500&quot;"
"&quot;Ford Taurus Gas&quot;","&quot;143000&quot;"
"&quot;BMW 630 Other&quot;","&quot;1495000&quot;"
"&quot;Ford Courier Gas&quot;","&quot;191750&quot;"
"&quot;Ford C-Max Diesel&quot;","&quot;438750&quot;"
"&quot;Nissan Maxima Other&quot;","&quot;265720&quot;"
"&quot;Mercedes-Benz CLK 320 Petrol&quot;","&quot;338000&quot;"
"&quot;Hummer H3 Other&quot;","&quot;1287000&quot;"
"&quot;Chevrolet Captiva Diesel&quot;","&quot;1527500&quot;"
"&quot;Suzuki Jimny Petrol&quot;","&quot;565500&quot;"
"&quot;Renault Sandero StepWay Diesel&quot;","&quot;865886.2875&quot;"
"&quot;Chevrolet Cobalt Gas&quot;","&quot;390000&quot;"
"&quot;Ford Focus Other&quot;","&quot;1163500&quot;"
"&quot;Peugeot 306 Diesel&quot;","&quot;325000&quot;"
"&quot;Peugeot 206 Diesel&quot;","&quot;273000&quot;"
"&quot;Fiat Cinquecento Gas&quot;","&quot;84500&quot;"
"&quot;Renault Captur Diesel&quot;","&quot;1364755.275&quot;"
"&quot;Moskvich-AZLK 401 Petrol&quot;","&quot;715000&quot;"
"&quot;Ford Escort Other&quot;","&quot;123500&quot;"
"&quot;Honda S2000 Petrol&quot;","&quot;1293500&quot;"
"&quot;VAZ 1118 Gas&quot;","&quot;208000&quot;"
"&quot;Kia Koup Petrol&quot;","&quot;1430000&quot;"
"&quot;UAZ 3151 Other&quot;","&quot;292500&quot;"
"&quot;Volvo S60 Diesel&quot;","&quot;2632500&quot;"
"&quot;Lexus IS 200 Petrol&quot;","&quot;598000&quot;"
"&quot;BMW X6 M Other&quot;","&quot;7605000&quot;"
"&quot;UAZ 3163 Other&quot;","&quot;442000&quot;"
"&quot;Jeep Compass Gas&quot;","&quot;734500&quot;"
"&quot;Peugeot 605 Petrol&quot;","&quot;175500&quot;"
"&quot;Chery Kimo Gas&quot;","&quot;292500&quot;"
"&quot;Jaguar XJR-S Petrol&quot;","&quot;292500&quot;"
"&quot;Volkswagen Passat B2 Gas&quot;","&quot;123500&quot;"
"&quot;Volvo XC90 Petrol&quot;","&quot;994500&quot;"
"&quot;Toyota Land Cruiser 105 Petrol&quot;","&quot;1300000&quot;"
"&quot;Toyota Auris Other&quot;","&quot;900250&quot;"
"&quot;Toyota Celica Petrol&quot;","&quot;455000&quot;"
"&quot;Mercedes-Benz ML 430 Gas&quot;","&quot;552500&quot;"
"&quot;Chery Tiggo Gas&quot;","&quot;487500&quot;"
"&quot;Toyota Yaris Other&quot;","&quot;487500&quot;"
"&quot;Lexus LS 400 Gas&quot;","&quot;357500&quot;"
"&quot;BMW 728 Petrol&quot;","&quot;455000&quot;"
"&quot;Geely Emgrand X7 Gas&quot;","&quot;643500&quot;"
"&quot;Mercedes-Benz ML 270 Diesel&quot;","&quot;877500&quot;"
"&quot;Mazda 323 Other&quot;","&quot;78000&quot;"
"&quot;Audi 80 Diesel&quot;","&quot;87750&quot;"
"&quot;Chrysler Crossfire Petrol&quot;","&quot;520000&quot;"
"&quot;Aro 10 Petrol&quot;","&quot;234000&quot;"
"&quot;Lexus ES 300 Petrol&quot;","&quot;617500&quot;"
"&quot;Infiniti Q70 Petrol&quot;","&quot;2210000&quot;"
"&quot;Skoda Spaceback Petrol&quot;","&quot;963800.916&quot;"
"&quot;Mitsubishi Eclipse Petrol&quot;","&quot;624000&quot;"
"&quot;Opel Frontera Gas&quot;","&quot;435500&quot;"
"&quot;Mercedes-Benz SL 55 AMG Petrol&quot;","&quot;2860000&quot;"
"&quot;Daewoo Gentra Petrol&quot;","&quot;533000&quot;"
"&quot;Nissan 350Z Petrol&quot;","&quot;1267500&quot;"
"&quot;Chery Amulet Other&quot;","&quot;214500&quot;"
"&quot;Ford Kuga Gas&quot;","&quot;1007500&quot;"
"&quot;Mercedes-Benz E-Class Gas&quot;","&quot;1332500&quot;"
"&quot;Mercedes-Benz CL 550 Petrol&quot;","&quot;2275000&quot;"
"&quot;Mercedes-Benz B 180 Diesel&quot;","&quot;1157000&quot;"
"&quot;Mercedes-Benz E-Class Other&quot;","&quot;2145000&quot;"
"&quot;Nissan X-Trail Petrol&quot;","&quot;1079000&quot;"
"&quot;Renault Megane Diesel&quot;","&quot;682500&quot;"
"&quot;Mercedes-Benz E-Class Diesel&quot;","&quot;1475500&quot;"
"&quot;Nissan Qashqai Petrol&quot;","&quot;1329065.01&quot;"
"&quot;BMW 316 Petrol&quot;","&quot;305500&quot;"
"&quot;BMW 750 Petrol&quot;","&quot;1299935&quot;"
"&quot;Mercedes-Benz GLE-Class Petrol&quot;","&quot;6499935&quot;"
"&quot;BMW M5 Petrol&quot;","&quot;4803500&quot;"
"&quot;Nissan X-Trail Diesel&quot;","&quot;1692180.945&quot;"
"&quot;BMW X5 Diesel&quot;","&quot;6824935&quot;"
"&quot;Mercedes-Benz GLE-Class Diesel&quot;","&quot;4549935&quot;"
"&quot;Nissan Leaf Other&quot;","&quot;908700&quot;"
"&quot;Volkswagen Passat B6 Petrol&quot;","&quot;695500&quot;"
"&quot;Audi A6 Diesel&quot;","&quot;169000&quot;"
"&quot;Chrysler Sebring Petrol&quot;","&quot;890500&quot;"
"&quot;Jaguar XF Petrol&quot;","&quot;1220505&quot;"
"&quot;Audi A6 Other&quot;","&quot;185250&quot;"
"&quot;Audi A6 Petrol&quot;","&quot;2405000&quot;"
"&quot;BMW 5 Series Diesel&quot;","&quot;123500&quot;"
"&quot;BMW 520 Petrol&quot;","&quot;2556645&quot;"
"&quot;Mitsubishi Outlander Petrol&quot;","&quot;598000&quot;"
"&quot;Nissan Juke Petrol&quot;","&quot;1315723.305&quot;"
"&quot;Volkswagen Passat B6 Diesel&quot;","&quot;584935&quot;"
"&quot;Mitsubishi Galant Gas&quot;","&quot;780000&quot;"
"&quot;Kia Sportage Diesel&quot;","&quot;1341202.59&quot;"
"&quot;Porsche Cayenne Diesel&quot;","&quot;3575000&quot;"
"&quot;Volkswagen Passat B5 Diesel&quot;","&quot;156000&quot;"
"&quot;Honda Accord Gas&quot;","&quot;1209000&quot;"
"&quot;Toyota Land Cruiser 200 Diesel&quot;","&quot;12675000&quot;"
"&quot;Porsche Cayenne Petrol&quot;","&quot;3308500&quot;"
"&quot;Audi Q7 Diesel&quot;","&quot;2333500&quot;"
"&quot;Mitsubishi Outlander XL Gas&quot;","&quot;844935&quot;"
"&quot;BMW 520 Gas&quot;","&quot;552500&quot;"
"&quot;Audi Q7 Petrol&quot;","&quot;2340000&quot;"
"&quot;Toyota Camry Petrol&quot;","&quot;1007500&quot;"
"&quot;Volkswagen Touareg Diesel&quot;","&quot;1163500&quot;"
"&quot;BMW 530 Petrol&quot;","&quot;1365000&quot;"
"&quot;Hyundai Accent Petrol&quot;","&quot;767000&quot;"
"&quot;BMW 530 Diesel&quot;","&quot;253500&quot;"
"&quot;Volkswagen Touareg Petrol&quot;","&quot;2177500&quot;"
"&quot;Toyota Land Cruiser Prado Petrol&quot;","&quot;1982500&quot;"
"&quot;Toyota Land Cruiser Prado Gas&quot;","&quot;2002000&quot;"
"&quot;Mercedes-Benz E-Class Petrol&quot;","&quot;1917500&quot;"
"&quot;Opel Vectra C Diesel&quot;","&quot;230750&quot;"
"&quot;Toyota Land Cruiser 200 Petrol&quot;","&quot;6499935&quot;"
"&quot;Mercedes-Benz GLS 350 Diesel&quot;","&quot;7019935&quot;"
"&quot;Audi Q5 Diesel&quot;","&quot;2210000&quot;"
"&quot;BMW 318 Petrol&quot;","&quot;185250&quot;"
"&quot;Chevrolet Lacetti Petrol&quot;","&quot;442000&quot;"
"&quot;Skoda Superb Petrol&quot;","&quot;1163500&quot;"
"&quot;Toyota Land Cruiser Prado Diesel&quot;","&quot;2450500&quot;"
"&quot;Land Rover Range Rover Sport Diesel&quot;","&quot;1917500&quot;"
"&quot;Mercedes-Benz GLS 350 Other&quot;","&quot;6081075&quot;"
"&quot;Volkswagen Passat B7 Diesel&quot;","&quot;1950000&quot;"
"&quot;Mitsubishi Lancer X Petrol&quot;","&quot;519935&quot;"
"&quot;Land Rover Range Rover Sport Petrol&quot;","&quot;2827500&quot;"
"&quot;Land Rover Range Rover Evoque Diesel&quot;","&quot;2600000&quot;"
"&quot;Chevrolet Lacetti Gas&quot;","&quot;507000&quot;"
"&quot;BMW X5 Gas&quot;","&quot;412750&quot;"
"&quot;Daewoo Lanos Petrol&quot;","&quot;227500&quot;"
"&quot;BMW X5 Petrol&quot;","&quot;1657500&quot;"
"&quot;Mitsubishi Pajero Wagon Gas&quot;","&quot;1234935&quot;"
"&quot;Skoda Octavia A5 Petrol&quot;","&quot;858000&quot;"
"&quot;Mazda 3 Petrol&quot;","&quot;598000&quot;"
"&quot;Mazda 6 Petrol&quot;","&quot;520000&quot;"
"&quot;Lexus LX 570 Gas&quot;","&quot;5589935&quot;"
"&quot;Toyota Camry Gas&quot;","&quot;799500&quot;"
"&quot;BMW 740 Petrol&quot;","&quot;747500&quot;"
"&quot;Lexus LX 570 Petrol&quot;","&quot;5167500&quot;"
"&quot;Lexus GS 300 Petrol&quot;","&quot;1079000&quot;"
"&quot;Audi A5 Petrol&quot;","&quot;1624740&quot;"
"&quot;Audi A6 Gas&quot;","&quot;442000&quot;"
"&quot;Ford Kuga Diesel&quot;","&quot;1007500&quot;"
"&quot;Mercedes-Benz C-Class Petrol&quot;","&quot;2483000&quot;"
"&quot;Hyundai Tucson Other&quot;","&quot;682500&quot;"
"&quot;Skoda Octavia A7 Petrol&quot;","&quot;1248000&quot;"
"&quot;Infiniti FX 37 Gas&quot;","&quot;2339935&quot;"
"&quot;Toyota Camry Other&quot;","&quot;903500&quot;"
"&quot;Lexus GX Gas&quot;","&quot;1456000&quot;"
"&quot;Mercedes-Benz CL 55 AMG Petrol&quot;","&quot;2437500&quot;"
"&quot;Audi A5 Other&quot;","&quot;2535000&quot;"
"&quot;Mercedes-Benz C-Class Diesel&quot;","&quot;1624935&quot;"
"&quot;Toyota IQ Petrol&quot;","&quot;734500&quot;"
"&quot;Nissan Qashqai Diesel&quot;","&quot;1649892.075&quot;"
"&quot;Tesla Model S Other&quot;","&quot;10374000&quot;"
"&quot;Audi A4 Gas&quot;","&quot;126750&quot;"
"&quot;BMW 520 Diesel&quot;","&quot;1820000&quot;"
"&quot;Subaru Forester Petrol&quot;","&quot;838500&quot;"
"&quot;Kia Ceed Diesel&quot;","&quot;1066000&quot;"
"&quot;Audi A4 Other&quot;","&quot;126750&quot;"
"&quot;Volkswagen Polo Petrol&quot;","&quot;643500&quot;"
"&quot;VAZ 2121 Gas&quot;","&quot;234000&quot;"
"&quot;Honda Civic Petrol&quot;","&quot;844350&quot;"
"&quot;Chevrolet Aveo Gas&quot;","&quot;338000&quot;"
"&quot;Kia Ceed Petrol&quot;","&quot;864500&quot;"
"&quot;Audi A4 Petrol&quot;","&quot;162500&quot;"
"&quot;Mitsubishi Lancer Petrol&quot;","&quot;403000&quot;"
"&quot;Nissan Murano Gas&quot;","&quot;1183000&quot;"
"&quot;Ford Focus Petrol&quot;","&quot;812500&quot;"
"&quot;Kia Sorento Gas&quot;","&quot;572000&quot;"
"&quot;Porsche Panamera Diesel&quot;","&quot;4543500&quot;"
"&quot;Opel Astra G Petrol&quot;","&quot;347750&quot;"
"&quot;Kia Sorento Diesel&quot;","&quot;2778205.365&quot;"
"&quot;Chevrolet Aveo Petrol&quot;","&quot;435500&quot;"
"&quot;Alfa Romeo 147 Petrol&quot;","&quot;383500&quot;"
"&quot;Mercedes-Benz ML 500 Petrol&quot;","&quot;3575000&quot;"
"&quot;Mitsubishi Lancer X Gas&quot;","&quot;637000&quot;"
"&quot;Smart Fortwo Petrol&quot;","&quot;520000&quot;"
"&quot;Renault Duster Diesel&quot;","&quot;955500&quot;"
"&quot;Lexus LX 450 Diesel&quot;","&quot;8811075&quot;"
"&quot;Hyundai Santa FE Diesel&quot;","&quot;942500&quot;"
"&quot;VAZ 2114 Petrol&quot;","&quot;266500&quot;"
"&quot;Mitsubishi Lancer Other&quot;","&quot;403000&quot;"
"&quot;Ford Focus Gas&quot;","&quot;786435&quot;"
"&quot;Mercedes-Benz S 320 Diesel&quot;","&quot;1612000&quot;"
"&quot;Ford Fiesta Gas&quot;","&quot;799500&quot;"
"&quot;Land Rover Range Rover Petrol&quot;","&quot;6694935&quot;"
"&quot;Suzuki Grand Vitara Petrol&quot;","&quot;747500&quot;"
"&quot;Kia Sportage Petrol&quot;","&quot;1332500&quot;"
"&quot;BMW X6 M Petrol&quot;","&quot;5849935&quot;"
"&quot;BMW 316 Gas&quot;","&quot;552500&quot;"
"&quot;Toyota Land Cruiser 200 Other&quot;","&quot;2340000&quot;"
"&quot;Mercedes-Benz S 320 Petrol&quot;","&quot;819000&quot;"
"&quot;Peugeot 307 Petrol&quot;","&quot;539500&quot;"
"&quot;Audi A8 Diesel&quot;","&quot;269750&quot;"
"&quot;Toyota Highlander Petrol&quot;","&quot;1865500&quot;"
"&quot;Daewoo Matiz Petrol&quot;","&quot;227435&quot;"
"&quot;Skoda Octavia Tour Gas&quot;","&quot;497250&quot;"
"&quot;Audi 80 Other&quot;","&quot;156715&quot;"
"&quot;Ford Fiesta Petrol&quot;","&quot;383500&quot;"
"&quot;Toyota Rav 4 Petrol&quot;","&quot;994500&quot;"
"&quot;Nissan Micra Petrol&quot;","&quot;604500&quot;"
"&quot;Toyota Sequoia Gas&quot;","&quot;2450500&quot;"
"&quot;BMW 525 Diesel&quot;","&quot;520000&quot;"
"&quot;Volkswagen Passat B5 Gas&quot;","&quot;455000&quot;"
"&quot;BMW X5 M Petrol&quot;","&quot;2249000&quot;"
"&quot;Audi 80 Gas&quot;","&quot;84500&quot;"
"&quot;Opel Omega Diesel&quot;","&quot;104000&quot;"
"&quot;Mercedes-Benz G 500 Gas&quot;","&quot;2333500&quot;"
"&quot;Ford Kuga Petrol&quot;","&quot;1066000&quot;"
"&quot;Subaru Forester Diesel&quot;","&quot;2528500&quot;"
"&quot;Lexus LX 470 Gas&quot;","&quot;1787500&quot;"
"&quot;Mercedes-Benz S 500 Petrol&quot;","&quot;2723500&quot;"
"&quot;Mazda 626 Gas&quot;","&quot;175500&quot;"
"&quot;Hyundai Getz Gas&quot;","&quot;403000&quot;"
"&quot;Volkswagen Jetta Other&quot;","&quot;1241500&quot;"
"&quot;Volkswagen Touran Diesel&quot;","&quot;689000&quot;"
"&quot;BMW 328 Gas&quot;","&quot;552500&quot;"
"&quot;BMW 323 Petrol&quot;","&quot;416000&quot;"
"&quot;Mazda 6 Other&quot;","&quot;1625000&quot;"
"&quot;Subaru Legacy Petrol&quot;","&quot;682500&quot;"
"&quot;BMW 528 Petrol&quot;","&quot;1878500&quot;"
"&quot;Opel Omega Gas&quot;","&quot;435500&quot;"
"&quot;Peugeot 407 Petrol&quot;","&quot;390000&quot;"
"&quot;Nissan Primera Petrol&quot;","&quot;435500&quot;"
"&quot;Lexus IS 250 Other&quot;","&quot;975000&quot;"
"&quot;Porsche 911 Petrol&quot;","&quot;3900000&quot;"
"&quot;Mercedes-Benz V 250 Diesel&quot;","&quot;4725500&quot;"
"&quot;Opel Omega Petrol&quot;","&quot;273000&quot;"
"&quot;Mercedes-Benz G 500 Petrol&quot;","&quot;3477500&quot;"
"&quot;Subaru Legacy Diesel&quot;","&quot;793000&quot;"
"&quot;Hyundai IX35 Diesel&quot;","&quot;1664000&quot;"
"&quot;Subaru Forester Gas&quot;","&quot;630500&quot;"
"&quot;BMW 550 Petrol&quot;","&quot;4911075&quot;"
"&quot;Opel Astra H Gas&quot;","&quot;711750&quot;"
"&quot;Mazda 626 Petrol&quot;","&quot;182000&quot;"
"&quot;Toyota Corolla Petrol&quot;","&quot;578500&quot;"
"&quot;Ford Mondeo Petrol&quot;","&quot;162500&quot;"
"&quot;Opel Astra H Diesel&quot;","&quot;442000&quot;"
"&quot;Toyota Corolla Gas&quot;","&quot;591500&quot;"
"&quot;BMW 523 Petrol&quot;","&quot;422500&quot;"
"&quot;Audi Q7 Gas&quot;","&quot;1547000&quot;"
"&quot;Volkswagen Touran Petrol&quot;","&quot;2190500&quot;"
"&quot;Volkswagen Jetta Petrol&quot;","&quot;845000&quot;"
"&quot;Volkswagen Passat B7 Petrol&quot;","&quot;1235000&quot;"
"&quot;Lexus RX 350 Gas&quot;","&quot;1299935&quot;"
"&quot;BMW 320 Diesel&quot;","&quot;201500&quot;"
"&quot;Kia Rio Petrol&quot;","&quot;728000&quot;"
"&quot;Mitsubishi Outlander Gas&quot;","&quot;520000&quot;"
"&quot;Peugeot 308 Diesel&quot;","&quot;1163184.75&quot;"
"&quot;Hyundai IX35 Gas&quot;","&quot;1228500&quot;"
"&quot;Chery Amulet Petrol&quot;","&quot;227500&quot;"
"&quot;Bentley Continental Petrol&quot;","&quot;5525000&quot;"
"&quot;Volkswagen Passat CC Petrol&quot;","&quot;1495000&quot;"
"&quot;Hyundai Tucson Diesel&quot;","&quot;702000&quot;"
"&quot;Infiniti FX 37 Petrol&quot;","&quot;2197000&quot;"
"&quot;Nissan Pathfinder Diesel&quot;","&quot;942500&quot;"
"&quot;Mazda CX-7 Petrol&quot;","&quot;877500&quot;"
"&quot;Nissan Teana Petrol&quot;","&quot;799500&quot;"
"&quot;Hyundai Santa FE Gas&quot;","&quot;1059500&quot;"
"&quot;Hyundai Tucson Gas&quot;","&quot;702000&quot;"
"&quot;Volkswagen Polo Other&quot;","&quot;942500&quot;"
"&quot;Mercedes-Benz CLK 240 Petrol&quot;","&quot;994500&quot;"
"&quot;Mercedes-Benz G 63 AMG Gas&quot;","&quot;2307500&quot;"
"&quot;Nissan Qashqai Gas&quot;","&quot;812500&quot;"
"&quot;Toyota Rav 4 Gas&quot;","&quot;1007500&quot;"
"&quot;Volvo S80 Petrol&quot;","&quot;1552200&quot;"
"&quot;Mercedes-Benz S 63 AMG Petrol&quot;","&quot;16250000&quot;"
"&quot;Toyota Land Cruiser 100 Diesel&quot;","&quot;1287000&quot;"
"&quot;Porsche Cayenne Gas&quot;","&quot;1202500&quot;"
"&quot;Subaru Tribeca Petrol&quot;","&quot;708500&quot;"
"&quot;VAZ 2115 Gas&quot;","&quot;214500&quot;"
"&quot;Hyundai Elantra Petrol&quot;","&quot;1375833.225&quot;"
"&quot;SsangYong Kyron Diesel&quot;","&quot;741000&quot;"
"&quot;Toyota Land Cruiser 100 Gas&quot;","&quot;1196000&quot;"
"&quot;Hyundai Tucson Petrol&quot;","&quot;728000&quot;"
"&quot;Volvo S80 Other&quot;","&quot;663000&quot;"
"&quot;Mitsubishi Pajero Sport Gas&quot;","&quot;760500&quot;"
"&quot;Ford Scorpio Petrol&quot;","&quot;81250&quot;"
"&quot;Mercedes-Benz G 63 AMG Petrol&quot;","&quot;9100000&quot;"
"&quot;Skoda Fabia Petrol&quot;","&quot;338000&quot;"
"&quot;BMW Z4 Petrol&quot;","&quot;1397500&quot;"
"&quot;Toyota FJ Cruiser Petrol&quot;","&quot;1612000&quot;"
"&quot;Audi A6 Allroad Diesel&quot;","&quot;3575000&quot;"
"&quot;Mercedes-Benz ML 350 Petrol&quot;","&quot;1365000&quot;"
"&quot;Mercedes-Benz 220 Diesel&quot;","&quot;715000&quot;"
"&quot;Chevrolet Niva Other&quot;","&quot;289250&quot;"
"&quot;Renault Megane Petrol&quot;","&quot;175500&quot;"
"&quot;Opel Zafira Diesel&quot;","&quot;832000&quot;"
"&quot;BMW X6 Petrol&quot;","&quot;2574000&quot;"
"&quot;Kia Sportage Gas&quot;","&quot;1274000&quot;"
"&quot;Chevrolet Epica Petrol&quot;","&quot;578500&quot;"
"&quot;VAZ 21099 Gas&quot;","&quot;217750&quot;"
"&quot;Volkswagen Jetta Gas&quot;","&quot;159250&quot;"
"&quot;BMW 730 Diesel&quot;","&quot;2145000&quot;"
"&quot;Skoda Octavia Diesel&quot;","&quot;221000&quot;"
"&quot;BMW 640 Petrol&quot;","&quot;3243500&quot;"
"&quot;Volkswagen Caddy Diesel&quot;","&quot;702000&quot;"
"&quot;Land Rover Range Rover Sport Gas&quot;","&quot;1267500&quot;"
"&quot;VAZ 21099 Petrol&quot;","&quot;188500&quot;"
"&quot;Nissan GT-R Petrol&quot;","&quot;7534571.363&quot;"
"&quot;VAZ 2107 Petrol&quot;","&quot;234000&quot;"
"&quot;Opel Astra G Diesel&quot;","&quot;120250&quot;"
"&quot;Honda Civic Gas&quot;","&quot;338000&quot;"
"&quot;Mercedes-Benz ML 350 Gas&quot;","&quot;1885000&quot;"
"&quot;Ford Mustang GT Gas&quot;","&quot;845000&quot;"
"&quot;Mitsubishi Pajero Wagon Diesel&quot;","&quot;1215500&quot;"
"&quot;Audi A6 Allroad Petrol&quot;","&quot;1104935&quot;"
"&quot;ZAZ Lanos Petrol&quot;","&quot;386750&quot;"
"&quot;Hyundai Sonata Gas&quot;","&quot;968500&quot;"
"&quot;Citroen DS5 Petrol&quot;","&quot;1235000&quot;"
"&quot;Hyundai Sonata Petrol&quot;","&quot;2177500&quot;"
"&quot;Renault Laguna Diesel&quot;","&quot;139750&quot;"
"&quot;Volkswagen Tiguan Petrol&quot;","&quot;1040000&quot;"
"&quot;Hyundai Grandeur Petrol&quot;","&quot;1423500&quot;"
"&quot;Volkswagen Golf Variant Diesel&quot;","&quot;715000&quot;"
"&quot;Volkswagen Golf VI Diesel&quot;","&quot;825500&quot;"
"&quot;Daewoo Sens Petrol&quot;","&quot;178750&quot;"
"&quot;Renault Symbol Petrol&quot;","&quot;273000&quot;"
"&quot;Mercedes-Benz 200 Petrol&quot;","&quot;246935&quot;"
"&quot;Ford Mondeo Gas&quot;","&quot;198250&quot;"
"&quot;Dodge RAM Gas&quot;","&quot;1040000&quot;"
"&quot;BMW 735 Petrol&quot;","&quot;819000&quot;"
"&quot;Lexus LX 470 Petrol&quot;","&quot;1748500&quot;"
"&quot;Suzuki Grand Vitara Gas&quot;","&quot;714935&quot;"
"&quot;Lexus IS 250 Petrol&quot;","&quot;994500&quot;"
"&quot;Nissan Armada Gas&quot;","&quot;1227720&quot;"
"&quot;VAZ 2170 Petrol&quot;","&quot;354250&quot;"
"&quot;BMW X1 Petrol&quot;","&quot;1332500&quot;"
"&quot;VAZ 2114 Gas&quot;","&quot;217750&quot;"
"&quot;Mercedes-Benz S 550 Petrol&quot;","&quot;1592500&quot;"
"&quot;BMW 525 Petrol&quot;","&quot;325000&quot;"
"&quot;Lexus GS 350 Petrol&quot;","&quot;1104935&quot;"
"&quot;Ford C-Max Petrol&quot;","&quot;468000&quot;"
"&quot;Lexus LX 570 Diesel&quot;","&quot;7507500&quot;"
"&quot;BMW 535 Petrol&quot;","&quot;2405000&quot;"
"&quot;Dodge RAM Petrol&quot;","&quot;1592500&quot;"
"&quot;Lexus LS 460 Petrol&quot;","&quot;2405000&quot;"
"&quot;Toyota Venza Gas&quot;","&quot;1426750&quot;"
"&quot;VAZ 2108 Petrol&quot;","&quot;52000&quot;"
"&quot;Daewoo Lanos Gas&quot;","&quot;253500&quot;"
"&quot;Skoda Fabia Gas&quot;","&quot;451750&quot;"
"&quot;Peugeot 207 Petrol&quot;","&quot;442000&quot;"
"&quot;Mazda CX-9 Petrol&quot;","&quot;1014000&quot;"
"&quot;Mazda 6 Gas&quot;","&quot;435500&quot;"
"&quot;BMW 535 Other&quot;","&quot;2925000&quot;"
"&quot;Renault Latitude Petrol&quot;","&quot;799500&quot;"
"&quot;Toyota Rav 4 Diesel&quot;","&quot;1859000&quot;"
"&quot;Jeep Grand Cherokee Diesel&quot;","&quot;2600000&quot;"
"&quot;Kia Magentis Petrol&quot;","&quot;357500&quot;"
"&quot;Great Wall Haval Petrol&quot;","&quot;682500&quot;"
"&quot;Audi A8 Petrol&quot;","&quot;4680000&quot;"
"&quot;Honda Pilot Gas&quot;","&quot;1355250&quot;"
"&quot;Skoda Octavia Petrol&quot;","&quot;708500&quot;"
"&quot;Ford Mustang Petrol&quot;","&quot;3503500&quot;"
"&quot;Daewoo Lanos Other&quot;","&quot;256750&quot;"
"&quot;Audi A7 Diesel&quot;","&quot;2346500&quot;"
"&quot;Chevrolet Epica Gas&quot;","&quot;461500&quot;"
"&quot;VAZ 2106 Other&quot;","&quot;120250&quot;"
"&quot;BMW 325 Other&quot;","&quot;1332500&quot;"
"&quot;Mitsubishi Outlander XL Petrol&quot;","&quot;877435&quot;"
"&quot;Mercedes-Benz C-Class Gas&quot;","&quot;454935&quot;"
"&quot;Audi TT Petrol&quot;","&quot;1150500&quot;"
"&quot;Nissan Armada Petrol&quot;","&quot;1098500&quot;"
"&quot;SsangYong Actyon Diesel&quot;","&quot;533000&quot;"
"&quot;Chevrolet Niva Gas&quot;","&quot;377000&quot;"
"&quot;Seat Leon Petrol&quot;","&quot;585000&quot;"
"&quot;Toyota Venza Petrol&quot;","&quot;1657500&quot;"
"&quot;Chevrolet Corvette Petrol&quot;","&quot;2210000&quot;"
"&quot;Hyundai IX35 Petrol&quot;","&quot;1222000&quot;"
"&quot;Volkswagen Caravelle Other&quot;","&quot;324935&quot;"
"&quot;VAZ 2108 Other&quot;","&quot;97435&quot;"
"&quot;Toyota FJ Cruiser Gas&quot;","&quot;2166645&quot;"
"&quot;Hyundai Santa FE Petrol&quot;","&quot;844935&quot;"
"&quot;VAZ 2112 Petrol&quot;","&quot;182000&quot;"
"&quot;Honda Accord Other&quot;","&quot;845000&quot;"
"&quot;BMW 318 Gas&quot;","&quot;247000&quot;"
"&quot;Volkswagen Scirocco Petrol&quot;","&quot;1299675&quot;"
"&quot;Volkswagen Up Petrol&quot;","&quot;520000&quot;"
"&quot;Opel Astra J Diesel&quot;","&quot;708500&quot;"
"&quot;Volkswagen Golf VII Petrol&quot;","&quot;1118000&quot;"
"&quot;BMW X1 Diesel&quot;","&quot;2307500&quot;"
"&quot;Mercedes-Benz GL 350 Diesel&quot;","&quot;4543500&quot;"
"&quot;Kia Picanto Petrol&quot;","&quot;351000&quot;"
"&quot;Smart Cabrio Petrol&quot;","&quot;773500&quot;"
"&quot;Toyota Avalon Gas&quot;","&quot;844935&quot;"
"&quot;MINI Countryman Petrol&quot;","&quot;1556750&quot;"
"&quot;Daewoo Nubira Petrol&quot;","&quot;259935&quot;"
"&quot;BMW 535 Diesel&quot;","&quot;1657500&quot;"
"&quot;Jeep Grand Cherokee Petrol&quot;","&quot;318500&quot;"
"&quot;Audi A7 Other&quot;","&quot;3575000&quot;"
"&quot;Mazda RX-8 Petrol&quot;","&quot;598000&quot;"
"&quot;Dacia Logan Diesel&quot;","&quot;302250&quot;"
"&quot;SsangYong Rexton II Other&quot;","&quot;708500&quot;"
"&quot;VAZ 2103 Other&quot;","&quot;48750&quot;"
"&quot;Mazda 5 Petrol&quot;","&quot;513500&quot;"
"&quot;Mazda CX-7 Gas&quot;","&quot;598000&quot;"
"&quot;VAZ 2105 Petrol&quot;","&quot;64935&quot;"
"&quot;Kia Cerato Diesel&quot;","&quot;513500&quot;"
"&quot;Mercedes-Benz S 350 Petrol&quot;","&quot;1267500&quot;"
"&quot;Hummer H3 Gas&quot;","&quot;1397500&quot;"
"&quot;Opel Vectra C Petrol&quot;","&quot;357500&quot;"
"&quot;Chevrolet Niva Petrol&quot;","&quot;361075&quot;"
"&quot;Citroen C4 Diesel&quot;","&quot;858000&quot;"
"&quot;Subaru Outback Petrol&quot;","&quot;714935&quot;"
"&quot;Smart Fortwo Other&quot;","&quot;939250&quot;"
"&quot;Lexus LX 570 Other&quot;","&quot;2964000&quot;"
"&quot;VAZ 2101 Gas&quot;","&quot;169000&quot;"
"&quot;Volkswagen Caravelle Diesel&quot;","&quot;1155505&quot;"
"&quot;Dacia Logan Other&quot;","&quot;273000&quot;"
"&quot;Toyota Avensis Gas&quot;","&quot;1105000&quot;"
"&quot;SsangYong Rexton II Diesel&quot;","&quot;715000&quot;"
"&quot;BMW X3 Petrol&quot;","&quot;2697500&quot;"
"&quot;Chevrolet Tacuma Petrol&quot;","&quot;338000&quot;"
"&quot;Subaru Tribeca Gas&quot;","&quot;819000&quot;"
"&quot;BMW 740 Diesel&quot;","&quot;3932500&quot;"
"&quot;Geely Emgrand 7 (EC7) Gas&quot;","&quot;455000&quot;"
"&quot;BMW 325 Petrol&quot;","&quot;1488500&quot;"
"&quot;VAZ 2106 Gas&quot;","&quot;60206.25&quot;"
"&quot;Audi A7 Petrol&quot;","&quot;5297500&quot;"
"&quot;Lexus ES 350 Petrol&quot;","&quot;1105000&quot;"
"&quot;Mitsubishi Galant Petrol&quot;","&quot;370500&quot;"
"&quot;Skoda Rapid Diesel&quot;","&quot;825500&quot;"
"&quot;Mitsubishi Pajero Sport Diesel&quot;","&quot;2664350&quot;"
"&quot;Hyundai Elantra Gas&quot;","&quot;923000&quot;"
"&quot;Renault Grand Scenic Diesel&quot;","&quot;513500&quot;"
"&quot;Opel Frontera Diesel&quot;","&quot;159250&quot;"
"&quot;Peugeot 207 Gas&quot;","&quot;370500&quot;"
"&quot;Renault Scenic Petrol&quot;","&quot;585000&quot;"
"&quot;Toyota Auris Petrol&quot;","&quot;1176500&quot;"
"&quot;Kia Magentis Gas&quot;","&quot;585000&quot;"
"&quot;Volkswagen Phaeton Diesel&quot;","&quot;3105505&quot;"
"&quot;Audi Q5 Petrol&quot;","&quot;2164500&quot;"
"&quot;Chevrolet Cruze Gas&quot;","&quot;779350&quot;"
"&quot;VAZ 2107 Other&quot;","&quot;214500&quot;"
"&quot;Opel Vectra B Diesel&quot;","&quot;126750&quot;"
"&quot;BMW 540 Petrol&quot;","&quot;292500&quot;"
"&quot;Hyundai Getz Petrol&quot;","&quot;461500&quot;"
"&quot;Volkswagen Eos Diesel&quot;","&quot;1299935&quot;"
"&quot;Suzuki Swift Petrol&quot;","&quot;487500&quot;"
"&quot;Renault Scenic Diesel&quot;","&quot;454935&quot;"
"&quot;Mercedes-Benz S 140 Gas&quot;","&quot;497250&quot;"
"&quot;Honda CR-V Gas&quot;","&quot;994500&quot;"
"&quot;Chevrolet Cruze Petrol&quot;","&quot;721500&quot;"
"&quot;Chery QQ Petrol&quot;","&quot;195000&quot;"
"Honda City Petrol","1100000"
"Honda WR-V Petrol","791000"
"Honda Brio Petrol","500000"
"Honda Accord Petrol","4400000"
"Honda CR-V Petrol","2200000"
"Honda Jazz Diesel","606000"
"Honda Accord Diesel","4200000"
"Honda CR-V Diesel","2500000"
"&quot;Volkswagen Passat B8 Petrol&quot;","&quot;1924000&quot;"
"&quot;Lexus RX 300 Gas&quot;","&quot;974935&quot;"
"&quot;BMW I3 Other&quot;","&quot;2527720&quot;"
"&quot;Volkswagen Passat B7 Other&quot;","&quot;1072500&quot;"
"&quot;BMW 740 Gas&quot;","&quot;451750&quot;"
"&quot;Subaru Outback Gas&quot;","&quot;650000&quot;"
"&quot;VAZ 2107 Gas&quot;","&quot;149500&quot;"
"&quot;Skoda Fabia Diesel&quot;","&quot;586625&quot;"
"&quot;VAZ 2101 Petrol&quot;","&quot;55250&quot;"
"&quot;Skoda Superb Gas&quot;","&quot;1085500&quot;"
"&quot;Chevrolet Captiva Gas&quot;","&quot;1235000&quot;"
"&quot;Kia Cerato Petrol&quot;","&quot;494000&quot;"
"&quot;VAZ 2105 Gas&quot;","&quot;91000&quot;"
"&quot;Skoda Octavia Tour Petrol&quot;","&quot;468000&quot;"
"&quot;Volvo XC70 Petrol&quot;","&quot;1300000&quot;"
"&quot;Kia Ceed Gas&quot;","&quot;572000&quot;"
"&quot;BMW 328 Petrol&quot;","&quot;468000&quot;"
"&quot;Mercedes-Benz CL 500 Petrol&quot;","&quot;1943500&quot;"
"&quot;Infiniti QX70 Petrol&quot;","&quot;3295208.475&quot;"
"&quot;Infiniti Q50 Petrol&quot;","&quot;2285549.663&quot;"
"&quot;Infiniti QX50 Petrol&quot;","&quot;2991431.82&quot;"
"&quot;Opel Vectra B Petrol&quot;","&quot;120250&quot;"
"&quot;Volkswagen Golf VII Diesel&quot;","&quot;1332500&quot;"
"&quot;Dacia Solenza Petrol&quot;","&quot;175500&quot;"
"&quot;Nissan Almera Petrol&quot;","&quot;454935&quot;"
"&quot;Mitsubishi Pajero Wagon Petrol&quot;","&quot;942500&quot;"
"&quot;Lexus ES 350 Other&quot;","&quot;1085500&quot;"
"&quot;Porsche Cayman Petrol&quot;","&quot;1943500&quot;"
"&quot;Maserati GranTurismo Petrol&quot;","&quot;7150000&quot;"
"&quot;Chrysler 300 C Petrol&quot;","&quot;890500&quot;"
"&quot;Skoda Octavia A5 Diesel&quot;","&quot;893750&quot;"
"&quot;Opel Vectra A Petrol&quot;","&quot;214500&quot;"
"&quot;Daewoo Sens Gas&quot;","&quot;305500&quot;"
"&quot;Volkswagen Bora Petrol&quot;","&quot;425750&quot;"
"&quot;Nissan Primera Diesel&quot;","&quot;279500&quot;"
"&quot;BMW 750 Other&quot;","&quot;3185000&quot;"
"&quot;Volvo XC70 Diesel&quot;","&quot;1722500&quot;"
"&quot;Toyota Highlander Gas&quot;","&quot;1878500&quot;"
"&quot;Volkswagen Phaeton Gas&quot;","&quot;403000&quot;"
"&quot;Volkswagen Passat B7 Gas&quot;","&quot;1032200&quot;"
"&quot;VAZ 1119 Gas&quot;","&quot;279500&quot;"
"&quot;Toyota Avensis Petrol&quot;","&quot;864500&quot;"
"&quot;Volkswagen Passat B5 Petrol&quot;","&quot;487500&quot;"
"&quot;Dodge RAM Other&quot;","&quot;1235000&quot;"
"&quot;Skoda Fabia Other&quot;","&quot;494000&quot;"
"&quot;Renault Koleos Diesel&quot;","&quot;923000&quot;"
"&quot;Honda Civic Diesel&quot;","&quot;900000&quot;"
"&quot;Nissan Almera Gas&quot;","&quot;481000&quot;"
"&quot;ZAZ Vida Petrol&quot;","&quot;409500&quot;"
"&quot;Volkswagen Golf VI Petrol&quot;","&quot;812500&quot;"
"&quot;Infiniti QX70 Diesel&quot;","&quot;3754196.843&quot;"
"&quot;Infiniti QX80 Petrol&quot;","&quot;6054581.325&quot;"
"&quot;Nissan Primera Gas&quot;","&quot;409500&quot;"
"&quot;Tesla Model X Other&quot;","&quot;11602500&quot;"
"&quot;BYD S6 Gas&quot;","&quot;909935&quot;"
"&quot;Land Rover Range Rover Gas&quot;","&quot;1610505&quot;"
"&quot;Peugeot 3008 Diesel&quot;","&quot;838500&quot;"
"&quot;Hyundai i30 Petrol&quot;","&quot;779935&quot;"
"&quot;BMW 5 Series GT Diesel&quot;","&quot;2067000&quot;"
"&quot;VAZ 1117 Gas&quot;","&quot;308750&quot;"
"&quot;Renault Koleos Gas&quot;","&quot;903500&quot;"
"&quot;Hyundai Accent Gas&quot;","&quot;728000&quot;"
"&quot;Suzuki Swift Gas&quot;","&quot;201500&quot;"
"&quot;Volkswagen Tiguan Diesel&quot;","&quot;1755000&quot;"
"&quot;Audi 100 Gas&quot;","&quot;325000&quot;"
"&quot;Bentley Flying Spur Petrol&quot;","&quot;16835000&quot;"
"&quot;Daewoo Nexia Petrol&quot;","&quot;211250&quot;"
"&quot;Nissan Qashqai Other&quot;","&quot;942500&quot;"
"&quot;Volkswagen Sharan Diesel&quot;","&quot;812500&quot;"
"&quot;Volkswagen Amarok Diesel&quot;","&quot;1352000&quot;"
"&quot;VAZ 2111 Petrol&quot;","&quot;194935&quot;"
"&quot;Seat Altea XL Diesel&quot;","&quot;711750&quot;"
"&quot;Infiniti G37 Petrol&quot;","&quot;1267500&quot;"
"&quot;Nissan TIIDA Petrol&quot;","&quot;533000&quot;"
"&quot;Chevrolet Cruze Other&quot;","&quot;864500&quot;"
"&quot;Daewoo Nexia Gas&quot;","&quot;247000&quot;"
"&quot;BMW 320 Petrol&quot;","&quot;1137500&quot;"
"&quot;BMW 320 Gas&quot;","&quot;396500&quot;"
"&quot;Opel Astra F Other&quot;","&quot;331500&quot;"
"&quot;Seat Ibiza Petrol&quot;","&quot;383500&quot;"
"&quot;ZAZ 965 Petrol&quot;","&quot;260000&quot;"
"&quot;Mercedes-Benz CLA 200 Petrol&quot;","&quot;1917500&quot;"
"&quot;BMW 530 Gas&quot;","&quot;975000&quot;"
"&quot;Mitsubishi Lancer Gas&quot;","&quot;474500&quot;"
"&quot;Hyundai Accent Diesel&quot;","&quot;442000&quot;"
"&quot;Volkswagen Golf IV Petrol&quot;","&quot;351000&quot;"
"&quot;Land Rover Range Rover Evoque Other&quot;","&quot;3042000&quot;"
"&quot;Bentley Bentayga Petrol&quot;","&quot;32499935&quot;"
"&quot;Toyota Tundra Petrol&quot;","&quot;2011750&quot;"
"&quot;VAZ 2121 Petrol&quot;","&quot;389935&quot;"
"&quot;Lexus RX 330 Petrol&quot;","&quot;897000&quot;"
"&quot;Audi A4 Allroad Petrol&quot;","&quot;1992250&quot;"
"&quot;Volkswagen Passat B4 Petrol&quot;","&quot;237250&quot;"
"&quot;Mitsubishi ASX Petrol&quot;","&quot;1137500&quot;"
"&quot;Dodge Durango Gas&quot;","&quot;617500&quot;"
"&quot;Opel Vectra C Gas&quot;","&quot;643500&quot;"
"&quot;Infiniti FX 30 Diesel&quot;","&quot;2658500&quot;"
"&quot;Ford Scorpio Gas&quot;","&quot;143000&quot;"
"&quot;Volkswagen Touareg Gas&quot;","&quot;845000&quot;"
"&quot;Citroen C3 Petrol&quot;","&quot;552500&quot;"
"&quot;Opel Vectra B Gas&quot;","&quot;136500&quot;"
"&quot;Mercedes-Benz S 65 AMG Petrol&quot;","&quot;2307500&quot;"
"&quot;Lexus RX 350 Petrol&quot;","&quot;2275000&quot;"
"&quot;Ford Escort Petrol&quot;","&quot;68250&quot;"
"&quot;Mitsubishi Colt Petrol&quot;","&quot;390000&quot;"
"&quot;Volkswagen Passat B3 Gas&quot;","&quot;188500&quot;"
"&quot;Nissan Note Petrol&quot;","&quot;494000&quot;"
"&quot;Honda Civic Other&quot;","&quot;604500&quot;"
"&quot;Seat Ibiza Diesel&quot;","&quot;591500&quot;"
"&quot;Volkswagen Golf III Petrol&quot;","&quot;286000&quot;"
"&quot;Renault Clio Diesel&quot;","&quot;598000&quot;"
"&quot;BMW 325 Diesel&quot;","&quot;312000&quot;"
"&quot;Seat Cordoba Diesel&quot;","&quot;273000&quot;"
"&quot;Suzuki SX4 Gas&quot;","&quot;780000&quot;"
"&quot;Audi A4 Diesel&quot;","&quot;1417000&quot;"
"&quot;Hyundai i30 Diesel&quot;","&quot;822250&quot;"
"&quot;BMW 745 Gas&quot;","&quot;702000&quot;"
"&quot;Infiniti FX 35 Petrol&quot;","&quot;923000&quot;"
"&quot;Mercedes-Benz S 600 Petrol&quot;","&quot;728000&quot;"
"&quot;Mazda CX-7 Other&quot;","&quot;835250&quot;"
"&quot;Land Rover Range Rover Evoque Gas&quot;","&quot;1494935&quot;"
"&quot;Ford Fusion Petrol&quot;","&quot;422500&quot;"
"&quot;BMW 540 Gas&quot;","&quot;650000&quot;"
"&quot;Mitsubishi ASX Gas&quot;","&quot;832000&quot;"
"&quot;ZAZ Forza Petrol&quot;","&quot;422500&quot;"
"&quot;Ford Sierra Petrol&quot;","&quot;578500&quot;"
"&quot;Mercedes-Benz GLS 63 Petrol&quot;","&quot;12999935&quot;"
"&quot;Nissan Maxima Gas&quot;","&quot;136500&quot;"
"&quot;Hyundai i20 Petrol&quot;","&quot;1189500&quot;"
"&quot;Peugeot RCZ Petrol&quot;","&quot;1820000&quot;"
"&quot;Subaru Impreza Petrol&quot;","&quot;403000&quot;"
"&quot;Opel Astra F Gas&quot;","&quot;256750&quot;"
"&quot;Opel Corsa Petrol&quot;","&quot;578500&quot;"
"&quot;Volkswagen Sharan Petrol&quot;","&quot;442000&quot;"
"&quot;Mitsubishi L 200 Diesel&quot;","&quot;1319500&quot;"
"&quot;ZAZ Sens Petrol&quot;","&quot;299000&quot;"
"&quot;VAZ 2113 Petrol&quot;","&quot;195000&quot;"
"&quot;Peugeot 3008 Gas&quot;","&quot;715000&quot;"
"&quot;Mitsubishi Carisma Petrol&quot;","&quot;344500&quot;"
"&quot;Infiniti FX 35 Gas&quot;","&quot;962000&quot;"
"&quot;Chrysler PT Cruiser Gas&quot;","&quot;448500&quot;"
"&quot;Seat Altea Diesel&quot;","&quot;552500&quot;"
"&quot;Kia Magentis Other&quot;","&quot;552500&quot;"
"&quot;Nissan TIIDA Gas&quot;","&quot;637000&quot;"
"&quot;Peugeot 107 Petrol&quot;","&quot;487500&quot;"
"&quot;ZAZ 110557 Gas&quot;","&quot;107250&quot;"
"&quot;Skoda Octavia A5 Gas&quot;","&quot;643500&quot;"
"&quot;Subaru Outback Diesel&quot;","&quot;2892500&quot;"
"&quot;Opel Vectra A Diesel&quot;","&quot;195000&quot;"
"&quot;Mercedes-Benz GL 500 Petrol&quot;","&quot;2593500&quot;"
"&quot;Chevrolet Camaro Petrol&quot;","&quot;3899935&quot;"
"&quot;Volkswagen Golf VII Other&quot;","&quot;1365000&quot;"
"&quot;Peugeot 508 Diesel&quot;","&quot;1157000&quot;"
"&quot;Volkswagen Jetta Diesel&quot;","&quot;1559935&quot;"
"&quot;BMW 320 Other&quot;","&quot;194935&quot;"
"&quot;Mercedes-Benz GL 320 Diesel&quot;","&quot;1917500&quot;"
"&quot;Opel Insignia Diesel&quot;","&quot;877500&quot;"
"&quot;Hyundai Coupe Petrol&quot;","&quot;646750&quot;"
"&quot;Mazda 323 Petrol&quot;","&quot;188500&quot;"
"&quot;Volkswagen Polo Diesel&quot;","&quot;649935&quot;"
"&quot;Skoda Octavia A7 Diesel&quot;","&quot;1444430&quot;"
"&quot;BMW 645 Gas&quot;","&quot;1299350&quot;"
"&quot;Geely Emgrand 7 (EC7) Petrol&quot;","&quot;477750&quot;"
"&quot;Mercedes-Benz A 170 Other&quot;","&quot;204750&quot;"
"&quot;Seat Cordoba Petrol&quot;","&quot;195000&quot;"
"&quot;VAZ 2121 Other&quot;","&quot;110500&quot;"
"&quot;Hyundai Matrix Petrol&quot;","&quot;422500&quot;"
"&quot;Ford Mondeo Diesel&quot;","&quot;149500&quot;"
"&quot;Audi A3 Petrol&quot;","&quot;1365000&quot;"
"&quot;Toyota Avensis Diesel&quot;","&quot;162435&quot;"
"&quot;Mazda 626 Diesel&quot;","&quot;143000&quot;"
"&quot;Mitsubishi Lancer Evolution Petrol&quot;","&quot;747500&quot;"
"&quot;Peugeot 301 Petrol&quot;","&quot;728000&quot;"
"&quot;Volkswagen Golf Variant Petrol&quot;","&quot;598000&quot;"
"&quot;Volkswagen Golf III Gas&quot;","&quot;256750&quot;"
"&quot;Citroen Grand C4 Picasso Diesel&quot;","&quot;1495000&quot;"
"&quot;BMW 330 Diesel&quot;","&quot;838500&quot;"
"&quot;Lexus RX 300 Petrol&quot;","&quot;994500&quot;"
"&quot;Skoda Octavia Scout Petrol&quot;","&quot;711750&quot;"
"&quot;Mazda Xedos 6 Petrol&quot;","&quot;253500&quot;"
"&quot;Opel Ascona Gas&quot;","&quot;118300&quot;"
"&quot;Mercedes-Benz S-Guard Petrol&quot;","&quot;19175000&quot;"
"&quot;Honda Crosstour Petrol&quot;","&quot;1683500&quot;"
"&quot;VAZ 2172 Petrol&quot;","&quot;370500&quot;"
"&quot;Cadillac Escalade Petrol&quot;","&quot;3055000&quot;"
"&quot;Audi A4 Allroad Gas&quot;","&quot;1462500&quot;"
"&quot;Nissan X-Trail Other&quot;","&quot;598000&quot;"
"&quot;Audi S8 Petrol&quot;","&quot;1462500&quot;"
"&quot;ZAZ 110557 Petrol&quot;","&quot;297700&quot;"
"&quot;Mitsubishi Colt Other&quot;","&quot;474500&quot;"
"&quot;Ford Focus Diesel&quot;","&quot;646750&quot;"
"&quot;Opel Vectra C Other&quot;","&quot;468000&quot;"
"&quot;Mercedes-Benz G 55 AMG Petrol&quot;","&quot;3575000&quot;"
"&quot;Mercedes-Benz ML 320 Diesel&quot;","&quot;1384500&quot;"
"&quot;Lexus ES 350 Gas&quot;","&quot;1267500&quot;"
"&quot;Infiniti G35 Petrol&quot;","&quot;1059500&quot;"
"&quot;Moskvich-AZLK 2141 Petrol&quot;","&quot;71500&quot;"
"&quot;Citroen C1 Petrol&quot;","&quot;357500&quot;"
"&quot;Citroen C4 Petrol&quot;","&quot;630500&quot;"
"&quot;Audi A1 Petrol&quot;","&quot;1104935&quot;"
"&quot;Mercedes-Benz ML 350 Other&quot;","&quot;1267500&quot;"
"&quot;Audi 100 Petrol&quot;","&quot;260000&quot;"
"&quot;Renault Megane Gas&quot;","&quot;442000&quot;"
"&quot;Chevrolet Captiva Petrol&quot;","&quot;812435&quot;"
"&quot;BMW 330 Petrol&quot;","&quot;481000&quot;"
"&quot;Chery Eastar Petrol&quot;","&quot;259935&quot;"
"&quot;VAZ 2111 Gas&quot;","&quot;315250&quot;"
"&quot;Volvo XC90 Gas&quot;","&quot;1235000&quot;"
"&quot;VAZ 21093 Petrol&quot;","&quot;195000&quot;"
"&quot;Mazda CX-5 Petrol&quot;","&quot;1784250&quot;"
"&quot;Nissan Teana Gas&quot;","&quot;1202500&quot;"
"&quot;Peugeot 306 Gas&quot;","&quot;159185&quot;"
"&quot;Renault Espace Diesel&quot;","&quot;487500&quot;"
"&quot;Kia Sorento Petrol&quot;","&quot;1228500&quot;"
"&quot;VAZ 1118 Petrol&quot;","&quot;230750&quot;"
"&quot;Volkswagen Passat B4 Diesel&quot;","&quot;390000&quot;"
"&quot;Land Rover Discovery Diesel&quot;","&quot;230750&quot;"
"&quot;Ford Sierra Gas&quot;","&quot;136500&quot;"
"&quot;Mazda CX-9 Gas&quot;","&quot;923000&quot;"
"&quot;Renault 19 Petrol&quot;","&quot;162500&quot;"
"&quot;VAZ 2170 Gas&quot;","&quot;341250&quot;"
"&quot;Mercedes-Benz ML 250 Diesel&quot;","&quot;3705000&quot;"
"&quot;Citroen C3 Diesel&quot;","&quot;513500&quot;"
"&quot;Mitsubishi Pajero Diesel&quot;","&quot;256750&quot;"
"&quot;VAZ 2106 Petrol&quot;","&quot;84500&quot;"
"&quot;Hyundai i10 Petrol&quot;","&quot;380250&quot;"
"&quot;Chevrolet Volt Other&quot;","&quot;1870505&quot;"
"&quot;Opel Omega Other&quot;","&quot;169000&quot;"
"&quot;Ford Fiesta Other&quot;","&quot;357500&quot;"
"&quot;Opel Antara Petrol&quot;","&quot;682500&quot;"
"&quot;Nissan Primera Other&quot;","&quot;169000&quot;"
"&quot;Nissan Patrol Gas&quot;","&quot;507000&quot;"
"&quot;BMW 550 Diesel&quot;","&quot;3509935&quot;"
"&quot;VAZ 2105 Other&quot;","&quot;113750&quot;"
"&quot;Geely MK Gas&quot;","&quot;266500&quot;"
"&quot;Volkswagen Golf II Petrol&quot;","&quot;172250&quot;"
"&quot;Smart Roadster Petrol&quot;","&quot;539500&quot;"
"&quot;Mazda 6 Diesel&quot;","&quot;178750&quot;"
"&quot;Mitsubishi Colt Gas&quot;","&quot;331500&quot;"
"&quot;VAZ 21099 Other&quot;","&quot;123500&quot;"
"&quot;Hyundai Accent Other&quot;","&quot;377000&quot;"
"&quot;VAZ 2115 Other&quot;","&quot;338000&quot;"
"&quot;Jeep Cherokee Diesel&quot;","&quot;812500&quot;"
"&quot;GAZ 21 Petrol&quot;","&quot;975000&quot;"
"&quot;Skoda Superb Diesel&quot;","&quot;994500&quot;"
"&quot;Mercedes-Benz C-Class Other&quot;","&quot;325000&quot;"
"&quot;Mitsubishi Galant Other&quot;","&quot;52000&quot;"
"&quot;Volvo S40 Petrol&quot;","&quot;1007500&quot;"
"&quot;Mercedes-Benz S 400 Diesel&quot;","&quot;211250&quot;"
"&quot;Volkswagen Passat B3 Petrol&quot;","&quot;227500&quot;"
"&quot;Audi A6 Allroad Gas&quot;","&quot;617500&quot;"
"&quot;Kia Soul Diesel&quot;","&quot;760500&quot;"
"&quot;Chrysler Stratus Petrol&quot;","&quot;253500&quot;"
"&quot;VAZ 2109 Gas&quot;","&quot;81250&quot;"
"&quot;BMW 116 Petrol&quot;","&quot;785850&quot;"
"&quot;Audi Q3 Petrol&quot;","&quot;2795000&quot;"
"&quot;Mitsubishi Carisma Gas&quot;","&quot;292500&quot;"
"&quot;FAW V5 Petrol&quot;","&quot;318500&quot;"
"&quot;Infiniti FX 45 Gas&quot;","&quot;871000&quot;"
"&quot;Kia Picanto Other&quot;","&quot;617500&quot;"
"&quot;Jeep Grand Cherokee Gas&quot;","&quot;468000&quot;"
"&quot;Suzuki Splash Gas&quot;","&quot;793000&quot;"
"&quot;Hyundai ix55 (Veracruz) Diesel&quot;","&quot;1267500&quot;"
"&quot;Geely CK Gas&quot;","&quot;211250&quot;"
"&quot;Skoda Rapid Petrol&quot;","&quot;799500&quot;"
"&quot;Alfa Romeo Giulietta Petrol&quot;","&quot;1039935&quot;"
"&quot;Audi S5 Petrol&quot;","&quot;1949935&quot;"
"&quot;Lexus IS 300 Petrol&quot;","&quot;923000&quot;"
"&quot;Peugeot 301 Diesel&quot;","&quot;728000&quot;"
"&quot;Nissan Murano Petrol&quot;","&quot;845000&quot;"
"&quot;Hyundai IX35 Other&quot;","&quot;1137500&quot;"
"&quot;Nissan Murano Diesel&quot;","&quot;1527500&quot;"
"&quot;Chrysler 300 C Gas&quot;","&quot;1677000&quot;"
"&quot;Rover 200 Petrol&quot;","&quot;208000&quot;"
"&quot;Peugeot 605 Gas&quot;","&quot;182000&quot;"
"&quot;Peugeot 308 Petrol&quot;","&quot;617500&quot;"
"&quot;Kia Picanto Diesel&quot;","&quot;377000&quot;"
"&quot;Mercedes-Benz GLC-Class Diesel&quot;","&quot;3834935&quot;"
"&quot;Mercedes-Benz ML 400 Diesel&quot;","&quot;760500&quot;"
"&quot;UAZ 469 Other&quot;","&quot;357500&quot;"
"&quot;Skoda Felicia Petrol&quot;","&quot;149500&quot;"
"&quot;Geely GC6 Petrol&quot;","&quot;474500&quot;"
"&quot;Mercedes-Benz S 550 Gas&quot;","&quot;1592500&quot;"
"&quot;Moskvich-Izh 2717 Petrol&quot;","&quot;98738.25&quot;"
"&quot;Nissan Terrano Diesel&quot;","&quot;142935&quot;"
"&quot;Moskvich-AZLK 2141 Gas&quot;","&quot;71500&quot;"
"&quot;Fiat 500 L Petrol&quot;","&quot;1007500&quot;"
"&quot;Honda Legend Gas&quot;","&quot;952250&quot;"
"&quot;Fiat Cinquecento Petrol&quot;","&quot;87750&quot;"
"&quot;Moskvich-AZLK 2140 Petrol&quot;","&quot;18200&quot;"
"&quot;Mercedes-Benz 230 Petrol&quot;","&quot;292500&quot;"
"&quot;Mazda Xedos 9 Petrol&quot;","&quot;305500&quot;"
"&quot;Nissan Terrano Petrol&quot;","&quot;780000&quot;"
"&quot;Toyota Tacoma Petrol&quot;","&quot;2593500&quot;"
"&quot;Peugeot 307 Diesel&quot;","&quot;474500&quot;"
"&quot;Opel Ascona Petrol&quot;","&quot;68250&quot;"
"&quot;BMW 324 Diesel&quot;","&quot;143000&quot;"
"&quot;BYD F3 Petrol&quot;","&quot;403000&quot;"
"&quot;Mercedes-Benz S 350 Gas&quot;","&quot;1579500&quot;"
"&quot;Mercedes-Benz B 200 Petrol&quot;","&quot;838500&quot;"
"&quot;BMW 118 Petrol&quot;","&quot;682500&quot;"
"&quot;BMW 750 Gas&quot;","&quot;1066000&quot;"
"&quot;Kia Magentis Diesel&quot;","&quot;708500&quot;"
"&quot;Mitsubishi Grandis Petrol&quot;","&quot;747435&quot;"
"&quot;Mitsubishi Space Star Petrol&quot;","&quot;351000&quot;"
"&quot;GAZ 31105 Gas&quot;","&quot;295750&quot;"
"&quot;Chery Eastar Other&quot;","&quot;169000&quot;"
"&quot;Dacia Logan Gas&quot;","&quot;448500&quot;"
"&quot;BMW 328 Diesel&quot;","&quot;2372500&quot;"
"&quot;Ford Escort van Gas&quot;","&quot;97435&quot;"
"&quot;Subaru Legacy Gas&quot;","&quot;643500&quot;"
"&quot;Mercedes-Benz GLK 220 Diesel&quot;","&quot;2145000&quot;"
"&quot;Mercedes-Benz CLK 320 Gas&quot;","&quot;968500&quot;"
"&quot;Subaru Impreza WRX STI Petrol&quot;","&quot;845000&quot;"
"&quot;Mercedes-Benz CL 63 AMG Petrol&quot;","&quot;3347500&quot;"
"&quot;Fiat Doblo Panorama Petrol&quot;","&quot;390000&quot;"
"&quot;Toyota Aygo Gas&quot;","&quot;513500&quot;"
"&quot;Ford C-Max Gas&quot;","&quot;389935&quot;"
"&quot;Mercedes-Benz S 430 Gas&quot;","&quot;765505&quot;"
"&quot;UAZ 3303 Other&quot;","&quot;195000&quot;"
"&quot;Mercedes-Benz 250 Diesel&quot;","&quot;364000&quot;"
"&quot;Infiniti G25 Petrol&quot;","&quot;1547000&quot;"
"&quot;Mazda CX-5 Diesel&quot;","&quot;1872000&quot;"
"&quot;Daewoo Nexia Other&quot;","&quot;188500&quot;"
"&quot;Ferrari California Petrol&quot;","&quot;8450000&quot;"
"&quot;Volkswagen New Beetle Petrol&quot;","&quot;1443000&quot;"
"&quot;Renault Logan Gas&quot;","&quot;260000&quot;"
"&quot;Volvo S80 Diesel&quot;","&quot;208000&quot;"
"&quot;Toyota Avensis Other&quot;","&quot;1040000&quot;"
"&quot;Toyota Auris Diesel&quot;","&quot;828750&quot;"
"&quot;Volkswagen Passat B6 Gas&quot;","&quot;828750&quot;"
"&quot;Mitsubishi Grandis Gas&quot;","&quot;630500&quot;"
"&quot;SsangYong Rexton W Diesel&quot;","&quot;1426750&quot;"
"&quot;Kia Mohave Diesel&quot;","&quot;1690000&quot;"
"&quot;Lancia Prisma Other&quot;","&quot;100750&quot;"
"&quot;Volkswagen Beetle Diesel&quot;","&quot;227500&quot;"
"&quot;Smart City Petrol&quot;","&quot;253500&quot;"
"&quot;Ford Ranger Diesel&quot;","&quot;318500&quot;"
"&quot;Audi S4 Gas&quot;","&quot;507000&quot;"
"&quot;Audi S4 Petrol&quot;","&quot;1495000&quot;"
"&quot;BMW 120 Petrol&quot;","&quot;227500&quot;"
"&quot;Lexus NX 300 Petrol&quot;","&quot;3622008&quot;"
"&quot;Kia Sportage Other&quot;","&quot;1430000&quot;"
"&quot;Isuzu Trooper Diesel&quot;","&quot;390000&quot;"
"&quot;Kia Sephia Petrol&quot;","&quot;240500&quot;"
"&quot;Volkswagen Vento Gas&quot;","&quot;286000&quot;"
"&quot;Seat Ibiza Other&quot;","&quot;100750&quot;"
"&quot;Audi A3 Gas&quot;","&quot;637000&quot;"
"&quot;Toyota Prius Other&quot;","&quot;968500&quot;"
"&quot;Toyota Yaris Gas&quot;","&quot;448500&quot;"
"&quot;Bogdan 2110 Gas&quot;","&quot;318500&quot;"
"&quot;Peugeot 208 Petrol&quot;","&quot;890500&quot;"
"&quot;Mercedes-Benz Vaneo Diesel&quot;","&quot;442000&quot;"
"&quot;GAZ 3110 Gas&quot;","&quot;117000&quot;"
"&quot;Nissan NV Diesel&quot;","&quot;647400&quot;"
"&quot;Volkswagen Golf Plus Gas&quot;","&quot;539500&quot;"
"&quot;Renault Clio Petrol&quot;","&quot;325000&quot;"
"&quot;Audi 90 Other&quot;","&quot;227500&quot;"
"&quot;Kia Shuma Petrol&quot;","&quot;227435&quot;"
"&quot;Alfa Romeo 156 Diesel&quot;","&quot;152750&quot;"
"&quot;Ford Explorer Other&quot;","&quot;2600000&quot;"
"&quot;BYD F3 Gas&quot;","&quot;390000&quot;"
"&quot;Toyota Carina Petrol&quot;","&quot;247000&quot;"
"&quot;BYD F3R Petrol&quot;","&quot;435500&quot;"
"&quot;Ford B-Max Petrol&quot;","&quot;728000&quot;"
"&quot;Ford Courier Diesel&quot;","&quot;776750&quot;"
"&quot;BMW 5 Series Gas&quot;","&quot;546000&quot;"
"&quot;Chery Elara Gas&quot;","&quot;305500&quot;"
"&quot;Mercedes-Benz S 300 Diesel&quot;","&quot;533000&quot;"
"&quot;Chrysler Grand Voyager Diesel&quot;","&quot;175500&quot;"
"&quot;BMW 118 Diesel&quot;","&quot;526500&quot;"
"&quot;BMW 335 Petrol&quot;","&quot;1293500&quot;"
"&quot;ZAZ 968 Petrol&quot;","&quot;58435&quot;"
"&quot;Honda Prelude Petrol&quot;","&quot;403000&quot;"
"&quot;Mercedes-Benz A 140 Petrol&quot;","&quot;149500&quot;"
"&quot;Acura TL Petrol&quot;","&quot;555750&quot;"
"&quot;Audi A3 Diesel&quot;","&quot;240500&quot;"
"&quot;Dadi Shuttle Petrol&quot;","&quot;429000&quot;"
"&quot;Mercedes-Benz S 400 Petrol&quot;","&quot;11266645&quot;"
"&quot;UAZ 469 Gas&quot;","&quot;357500&quot;"
"&quot;Fiat 500 L Gas&quot;","&quot;981500&quot;"
"&quot;Rover 75 Petrol&quot;","&quot;357500&quot;"
"&quot;Dodge Neon Gas&quot;","&quot;230750&quot;"
"&quot;Audi R8 Petrol&quot;","&quot;3243500&quot;"
"&quot;Alfa Romeo 75 Petrol&quot;","&quot;149500&quot;"
"&quot;BMW 318 Other&quot;","&quot;182000&quot;"
"&quot;Volkswagen Multivan Gas&quot;","&quot;1118000&quot;"
"&quot;Chery Beat Petrol&quot;","&quot;299000&quot;"
"&quot;VAZ 1117 Petrol&quot;","&quot;289250&quot;"
"&quot;Jaguar XE Petrol&quot;","&quot;2593500&quot;"
"&quot;Rolls-Royce Phantom Petrol&quot;","&quot;8450000&quot;"
"&quot;Geely Emgrand 8 Gas&quot;","&quot;643500&quot;"
"&quot;Dodge Challenger Petrol&quot;","&quot;3055000&quot;"
"&quot;Mercedes-Benz CLK 230 Petrol&quot;","&quot;454935&quot;"
"&quot;Land Rover Freelander Gas&quot;","&quot;448500&quot;"
"&quot;Ferrari 458 Italia Petrol&quot;","&quot;13325000&quot;"
"&quot;Geely CK1 Petrol&quot;","&quot;201500&quot;"
"&quot;Citroen DS5 Diesel&quot;","&quot;1293500&quot;"
"&quot;Nissan Juke Gas&quot;","&quot;1353300&quot;"
"&quot;Peugeot 208 Diesel&quot;","&quot;812500&quot;"
"&quot;BMW 545 Petrol&quot;","&quot;1220505&quot;"
"&quot;Moskvich-Izh 2715 Petrol&quot;","&quot;48750&quot;"
"&quot;MINI Cooper S Petrol&quot;","&quot;776750&quot;"
"&quot;Suzuki Samurai Petrol&quot;","&quot;533000&quot;"
"&quot;Skoda Roomster Petrol&quot;","&quot;455000&quot;"
"&quot;Toyota Matrix Gas&quot;","&quot;585000&quot;"
"&quot;Nissan TIIDA Other&quot;","&quot;507000&quot;"
"&quot;Renault Clio Other&quot;","&quot;324935&quot;"
"&quot;Mercedes-Benz G 320 Gas&quot;","&quot;2080000&quot;"
"&quot;Mercedes-Benz 300 Diesel&quot;","&quot;175500&quot;"
"&quot;Citroen C3 Picasso Petrol&quot;","&quot;702000&quot;"
"&quot;Mitsubishi Galant Diesel&quot;","&quot;76700&quot;"
"&quot;Ford Granada Gas&quot;","&quot;44200&quot;"
"&quot;Nissan Altima Petrol&quot;","&quot;975000&quot;"
"&quot;Toyota Tacoma Gas&quot;","&quot;547300&quot;"
"&quot;Chevrolet Malibu Gas&quot;","&quot;1202500&quot;"
"&quot;Volkswagen Cross Touran Petrol&quot;","&quot;760500&quot;"
"&quot;VAZ 1118 Other&quot;","&quot;195000&quot;"
"&quot;Moskvich-AZLK 2140 Other&quot;","&quot;22750&quot;"
"&quot;MG 6 Petrol&quot;","&quot;682500&quot;"
"&quot;UAZ 31514 Petrol&quot;","&quot;526500&quot;"
"&quot;Mercedes-Benz CLS 500 Petrol&quot;","&quot;3705000&quot;"
"&quot;Seat Toledo Other&quot;","&quot;585000&quot;"
"&quot;Peugeot 508 Petrol&quot;","&quot;942500&quot;"
"&quot;Bentley Mulsanne Petrol&quot;","&quot;35607000&quot;"
"&quot;Smart Forfour Petrol&quot;","&quot;386750&quot;"
"&quot;Moskvich-AZLK 403 Petrol&quot;","&quot;97500&quot;"
"&quot;Renault Laguna Other&quot;","&quot;221000&quot;"
"&quot;BMW 428 Petrol&quot;","&quot;2437500&quot;"
"&quot;Moskvich-AZLK 412 Petrol&quot;","&quot;35750&quot;"
"&quot;Jaguar XKR Petrol&quot;","&quot;2112500&quot;"
"&quot;BMW 760 Petrol&quot;","&quot;1267500&quot;"
"&quot;Acura ZDX Other&quot;","&quot;2014935&quot;"
"&quot;Fiat Tempra Gas&quot;","&quot;123500&quot;"
"&quot;Chevrolet Lacetti Other&quot;","&quot;454935&quot;"
"&quot;Citroen C5 Diesel&quot;","&quot;107250&quot;"
"&quot;Citroen Xantia Diesel&quot;","&quot;104000&quot;"
"&quot;BMW 4 Series Gran Coupe Diesel&quot;","&quot;3394430&quot;"
"&quot;Alfa Romeo 156 Petrol&quot;","&quot;149500&quot;"
"&quot;Volvo S60 Petrol&quot;","&quot;1105000&quot;"
"&quot;Toyota Aygo Petrol&quot;","&quot;552500&quot;"
"&quot;Volvo V40 Diesel&quot;","&quot;1560000&quot;"
"&quot;Samand EL Gas&quot;","&quot;357500&quot;"
"&quot;Volkswagen Golf II Diesel&quot;","&quot;143000&quot;"
"&quot;Mitsubishi L 200 Other&quot;","&quot;1462500&quot;"
"&quot;Kia Besta Diesel&quot;","&quot;214500&quot;"
"&quot;Subaru Impreza WRX STI Other&quot;","&quot;1105000&quot;"
"&quot;Mercedes-Benz CLA 220 Diesel&quot;","&quot;2730000&quot;"
"&quot;Kia Opirus Petrol&quot;","&quot;604500&quot;"
"&quot;Toyota Land Cruiser 200 Gas&quot;","&quot;3100500&quot;"
"&quot;Lincoln Town Car Petrol&quot;","&quot;422500&quot;"
"&quot;Rover 75 Diesel&quot;","&quot;185250&quot;"
"&quot;Dodge Intrepid Petrol&quot;","&quot;279500&quot;"
"&quot;ZAZ Vida Other&quot;","&quot;513390.735&quot;"
"&quot;Great Wall Hover Petrol&quot;","&quot;552500&quot;"
"&quot;Daewoo Leganza Gas&quot;","&quot;194935&quot;"
"&quot;Mercedes-Benz R 320 Diesel&quot;","&quot;1169350&quot;"
"&quot;Hyundai Sonata Other&quot;","&quot;1189500&quot;"
"&quot;Jeep Cherokee Petrol&quot;","&quot;2404935&quot;"
"&quot;Volvo 850 Gas&quot;","&quot;312000&quot;"
"&quot;Nissan Cefiro Petrol&quot;","&quot;175500&quot;"
"&quot;Chevrolet Lumina Gas&quot;","&quot;227500&quot;"
"&quot;BMW 524 Diesel&quot;","&quot;188435&quot;"
"&quot;JAC J2 Petrol&quot;","&quot;312000&quot;"
"&quot;Suzuki Grand Vitara Other&quot;","&quot;711750&quot;"
"&quot;Kia Clarus Gas&quot;","&quot;162500&quot;"
"&quot;Mercedes-Benz A 180 Diesel&quot;","&quot;1852500&quot;"
"&quot;Mercedes-Benz CLC 180 Petrol&quot;","&quot;1222000&quot;"
"&quot;Volkswagen T2 (Transporter) Diesel&quot;","&quot;84500&quot;"
"&quot;Geely Emgrand 8 Petrol&quot;","&quot;598000&quot;"
"&quot;Great Wall C30 Petrol&quot;","&quot;572000&quot;"
"&quot;Ford F-150 Gas&quot;","&quot;2275000&quot;"
"&quot;Samsung SM5 Petrol&quot;","&quot;409435&quot;"
"&quot;Groz Polarsun Business Van Petrol&quot;","&quot;247000&quot;"
"&quot;Citroen C-Elysee Diesel&quot;","&quot;598000&quot;"
"&quot;Seat Toledo Gas&quot;","&quot;208000&quot;"
"&quot;Lamborghini Gallardo Petrol&quot;","&quot;8450000&quot;"
"&quot;Lincoln MKX Petrol&quot;","&quot;1397500&quot;"
"&quot;Lexus NX 200 Petrol&quot;","&quot;2944500&quot;"
"&quot;BMW M5 Other&quot;","&quot;1755000&quot;"
"&quot;Infiniti M35 Gas&quot;","&quot;1092000&quot;"
"&quot;Mitsubishi Lancer X Sportback Petrol&quot;","&quot;578500&quot;"
"&quot;Daihatsu Terios Petrol&quot;","&quot;708500&quot;"
"&quot;Honda Prelude Gas&quot;","&quot;90935&quot;"
"&quot;Honda HR-V Petrol&quot;","&quot;565500&quot;"
"&quot;Toyota Vista Petrol&quot;","&quot;552500&quot;"
"&quot;Volvo 240 Petrol&quot;","&quot;130000&quot;"
"&quot;Citroen Xsara Picasso Gas&quot;","&quot;338000&quot;"
"&quot;Fiat Bravo Gas&quot;","&quot;240500&quot;"
"&quot;Peugeot 405 Other&quot;","&quot;39000&quot;"
"&quot;Mercedes-Benz A 160 Petrol&quot;","&quot;104000&quot;"
"&quot;Volkswagen Syncro Diesel&quot;","&quot;682500&quot;"
"&quot;Opel Tigra Other&quot;","&quot;97500&quot;"
"&quot;Nissan Bluebird Petrol&quot;","&quot;143000&quot;"
"&quot;Renault 25 Petrol&quot;","&quot;77064&quot;"
"&quot;BMW 650 Petrol&quot;","&quot;1430000&quot;"
"&quot;Renault 5 Petrol&quot;","&quot;74750&quot;"
"&quot;Volvo 340 Other&quot;","&quot;65000&quot;"
"&quot;Porsche Macan Petrol&quot;","&quot;4127500&quot;"
"&quot;Hafei Saibao Petrol&quot;","&quot;396500&quot;"
"&quot;SMA Maple C81 Petrol&quot;","&quot;188500&quot;"
"&quot;Ford Galaxy Diesel&quot;","&quot;214500&quot;"
"&quot;Chrysler Pacifica Petrol&quot;","&quot;877500&quot;"
"&quot;VAZ 2170 Other&quot;","&quot;299000&quot;"
"&quot;Mercedes-Benz GL 420 Diesel&quot;","&quot;1657500&quot;"
"&quot;BMW X6 M Diesel&quot;","&quot;4218500&quot;"
"&quot;Mercedes-Benz S 420 Gas&quot;","&quot;403000&quot;"
"&quot;Lexus ES 200 Diesel&quot;","&quot;412750&quot;"
"&quot;Mercedes-Benz CLS 400 Petrol&quot;","&quot;6435000&quot;"
"&quot;Toyota 4Runner Petrol&quot;","&quot;2730000&quot;"
"&quot;Suzuki Ignis Gas&quot;","&quot;312000&quot;"
"&quot;Chrysler Voyager Diesel&quot;","&quot;321750&quot;"
"&quot;GAZ 32213 Petrol&quot;","&quot;110500&quot;"
"&quot;Ford Transit Custom Diesel&quot;","&quot;922935&quot;"
"&quot;Great Wall Safe Gas&quot;","&quot;520000&quot;"
"&quot;Honda City Other&quot;","&quot;1202500&quot;"
"&quot;Land Rover Discovery Sport Diesel&quot;","&quot;3705000&quot;"
"&quot;Infiniti M37 Petrol&quot;","&quot;1885000&quot;"
"&quot;Volvo 850 Petrol&quot;","&quot;188500&quot;"
"&quot;Fiat Doblo Panorama Other&quot;","&quot;455000&quot;"
"&quot;GAZ 2410 Other&quot;","&quot;129935&quot;"
"&quot;Mercedes-Benz S 280 Petrol&quot;","&quot;2274935&quot;"
"&quot;Peugeot 205 Diesel&quot;","&quot;129935&quot;"
"&quot;MINI One Diesel&quot;","&quot;682500&quot;"
"&quot;Chery Elara Petrol&quot;","&quot;240500&quot;"
"&quot;Nissan Gloria Other&quot;","&quot;468000&quot;"
"&quot;Ford Orion Gas&quot;","&quot;91000&quot;"
"&quot;Mitsubishi Virage Gas&quot;","&quot;390000&quot;"
"&quot;Dacia SuperNova Petrol&quot;","&quot;185250&quot;"
"&quot;Nissan Elgrand Other&quot;","&quot;412750&quot;"
"&quot;Dadi BDD Petrol&quot;","&quot;292500&quot;"
"&quot;Ford Tourneo Courier Diesel&quot;","&quot;975000&quot;"
"&quot;Fiat Stilo Gas&quot;","&quot;165750&quot;"
"&quot;Renault Koleos Petrol&quot;","&quot;838500&quot;"
"&quot;Chrysler Sebring Gas&quot;","&quot;578500&quot;"
"&quot;JAC S5 Gas&quot;","&quot;773500&quot;"
"&quot;Cadillac SRX Petrol&quot;","&quot;1332500&quot;"
"&quot;Suzuki Vitara Gas&quot;","&quot;227500&quot;"
"&quot;Land Rover Defender Diesel&quot;","&quot;2925000&quot;"
"&quot;Ford Mustang GT Petrol&quot;","&quot;4478500&quot;"
"&quot;Mercedes-Benz B 170 Gas&quot;","&quot;825500&quot;"
"&quot;Bogdan 2110 Petrol&quot;","&quot;325000&quot;"
"&quot;Kia Carens Diesel&quot;","&quot;520000&quot;"
"&quot;Smart Fortwo Gas&quot;","&quot;292500&quot;"
"&quot;Nissan Bluebird Gas&quot;","&quot;162500&quot;"
"&quot;Peugeot 405 Gas&quot;","&quot;81250&quot;"
"&quot;Daewoo Sens Other&quot;","&quot;214500&quot;"
"&quot;Chrysler 300 M Petrol&quot;","&quot;175500&quot;"
"&quot;Mercedes-Benz CLK 220 Petrol&quot;","&quot;455000&quot;"
"&quot;Suzuki Vitara Other&quot;","&quot;500500&quot;"
"&quot;Chrysler LHS Gas&quot;","&quot;247000&quot;"
"&quot;Mercedes-Benz S 280 Gas&quot;","&quot;194350&quot;"
"&quot;Ford Explorer Petrol&quot;","&quot;4179500&quot;"
"&quot;Opel Calibra Petrol&quot;","&quot;390000&quot;"
"&quot;Opel Rekord Petrol&quot;","&quot;84500&quot;"
"&quot;Nissan Almera Other&quot;","&quot;422500&quot;"
"&quot;Kia Pro Ceed Petrol&quot;","&quot;546000&quot;"
"&quot;Volkswagen Golf II Other&quot;","&quot;143000&quot;"
"&quot;Dodge Ram Van Diesel&quot;","&quot;468000&quot;"
"&quot;Infiniti EX 37 Petrol&quot;","&quot;1820000&quot;"
"&quot;Lexus GS 350 Other&quot;","&quot;1267500&quot;"
"&quot;Ford Edge Other&quot;","&quot;3829475&quot;"
"&quot;Land Rover Discovery Petrol&quot;","&quot;1085500&quot;"
"&quot;Audi S8 Gas&quot;","&quot;767000&quot;"
"&quot;Mercedes-Benz S 140 Petrol&quot;","&quot;422500&quot;"
"&quot;Nissan Micra Gas&quot;","&quot;455000&quot;"
"&quot;Citroen C4 Picasso Petrol&quot;","&quot;519935&quot;"
"&quot;Kia Optima Petrol&quot;","&quot;1098500&quot;"
"&quot;GAZ 21 Gas&quot;","&quot;71500&quot;"
"&quot;Geely CK1 Gas&quot;","&quot;259935&quot;"
"&quot;Citroen DS3 Diesel&quot;","&quot;844935&quot;"
"&quot;VAZ 2101 Other&quot;","&quot;32993.025&quot;"
"&quot;Peugeot 607 Diesel&quot;","&quot;152750&quot;"
"&quot;BMW X6 Other&quot;","&quot;3105505&quot;"
"&quot;BMW 6 Series Gran Coupe Other&quot;","&quot;5561075&quot;"
"&quot;Infiniti FX 35 Other&quot;","&quot;1709500&quot;"
"&quot;Mercedes-Benz G 55 AMG Gas&quot;","&quot;3900000&quot;"
"&quot;Kia Rio Other&quot;","&quot;448500&quot;"
"&quot;Hyundai Galloper Diesel&quot;","&quot;136500&quot;"
"&quot;Land Rover Range Rover Other&quot;","&quot;6759935&quot;"
"&quot;UAZ 31512 Petrol&quot;","&quot;162500&quot;"
"&quot;Nissan Qashqai+2 Gas&quot;","&quot;1085500&quot;"
"&quot;Kia Clarus Petrol&quot;","&quot;182000&quot;"
"&quot;Ford Probe Petrol&quot;","&quot;253500&quot;"
"&quot;Geely CK Other&quot;","&quot;208000&quot;"
"&quot;Toyota Fortuner Petrol&quot;","&quot;968500&quot;"
"&quot;Volkswagen Passat B2 Diesel&quot;","&quot;185250&quot;"
"&quot;SsangYong Actyon Sports Diesel&quot;","&quot;552500&quot;"
"&quot;Subaru XV Petrol&quot;","&quot;877500&quot;"
"&quot;Jeep Patriot Petrol&quot;","&quot;812500&quot;"
"&quot;Isuzu D-Max Diesel&quot;","&quot;907400&quot;"
"&quot;Changan Ideal Other&quot;","&quot;391820&quot;"
"&quot;Nissan Juke Nismo Petrol&quot;","&quot;1364935&quot;"
"&quot;Lexus RX 450 Other&quot;","&quot;2190500&quot;"
"&quot;Acura TLX Petrol&quot;","&quot;2483000&quot;"
"&quot;Volkswagen Beetle Petrol&quot;","&quot;552500&quot;"
"&quot;Honda Insight Other&quot;","&quot;715000&quot;"
"&quot;Opel Ampera Other&quot;","&quot;1248000&quot;"
"&quot;MG 5 Petrol&quot;","&quot;532935&quot;"
"&quot;GMC Acadia Petrol&quot;","&quot;779935&quot;"
"&quot;Nissan Stanza Petrol&quot;","&quot;107250&quot;"
"&quot;Mitsubishi Pajero Sport Petrol&quot;","&quot;500435&quot;"
"&quot;Volkswagen Golf Variant Gas&quot;","&quot;630500&quot;"
"&quot;Skoda Felicia Gas&quot;","&quot;136500&quot;"
"&quot;Mercedes-Benz 210 Diesel&quot;","&quot;136500&quot;"
"&quot;Mercedes-Benz CLS 350 Other&quot;","&quot;1332500&quot;"
"&quot;Mazda Premacy Petrol&quot;","&quot;146250&quot;"
"&quot;Renault 21 Petrol&quot;","&quot;87750&quot;"
"&quot;Toyota Scion Gas&quot;","&quot;663000&quot;"
"&quot;Subaru Legacy Other&quot;","&quot;312000&quot;"
"&quot;Chery CrossEastar Petrol&quot;","&quot;264907.5&quot;"
"&quot;Mercedes-Benz GLK 300 Gas&quot;","&quot;1943500&quot;"
"&quot;Geely MK-2 Gas&quot;","&quot;324935&quot;"
"&quot;Infiniti EX 35 Other&quot;","&quot;1352000&quot;"
"&quot;Nissan Juke Other&quot;","&quot;1020500&quot;"
"&quot;Honda Jazz Other&quot;","&quot;682500&quot;"
"&quot;Mercedes-Benz CL 500 Gas&quot;","&quot;942500&quot;"
"&quot;Citroen Xsara Petrol&quot;","&quot;216645&quot;"
"&quot;Dodge Caliber Petrol&quot;","&quot;682500&quot;"
"&quot;Volkswagen Bora Other&quot;","&quot;451750&quot;"
"&quot;Opel Agila Gas&quot;","&quot;246935&quot;"
"&quot;MG 350 Petrol&quot;","&quot;584935&quot;"
"&quot;Ford KA Petrol&quot;","&quot;165750&quot;"
"&quot;VAZ 1119 Other&quot;","&quot;227500&quot;"
"&quot;Mercedes-Benz CLC 200 Petrol&quot;","&quot;1169935&quot;"
"&quot;Toyota Land Cruiser 76 Diesel&quot;","&quot;4095000&quot;"
"&quot;MINI Paceman Diesel&quot;","&quot;2145000&quot;"
"&quot;Fiat 125 Gas&quot;","&quot;97500&quot;"
"&quot;Lexus RX 330 Gas&quot;","&quot;884000&quot;"
"&quot;Infiniti G25 Gas&quot;","&quot;1553500&quot;"
"&quot;Jaguar Daimler Petrol&quot;","&quot;1397500&quot;"
"&quot;Geely MK-2 Petrol&quot;","&quot;312000&quot;"
"&quot;Hyundai Solaris Petrol&quot;","&quot;832050.375&quot;"
"&quot;BMW M6 Petrol&quot;","&quot;5005000&quot;"
"&quot;Volkswagen Pointer Petrol&quot;","&quot;266500&quot;"
"&quot;Ford Thunderbird Other&quot;","&quot;370500&quot;"
"&quot;Citroen C4 Picasso Diesel&quot;","&quot;858000&quot;"
"&quot;Lexus ES 300 Other&quot;","&quot;526500&quot;"
"&quot;Toyota Previa Gas&quot;","&quot;1300000&quot;"
"&quot;Peugeot 5008 Diesel&quot;","&quot;786500&quot;"
"&quot;VAZ 2171 Petrol&quot;","&quot;305500&quot;"
"&quot;Lancia Phedra Diesel&quot;","&quot;195000&quot;"
"&quot;Barkas B1000 Petrol&quot;","&quot;357500&quot;"
"&quot;UAZ 3741 Gas&quot;","&quot;227500&quot;"
"&quot;MG 550 Petrol&quot;","&quot;578500&quot;"
"&quot;BMW 530 Other&quot;","&quot;357500&quot;"
"&quot;SsangYong Korando Gas&quot;","&quot;806000&quot;"
"&quot;Huanghai Aurora Petrol&quot;","&quot;552500&quot;"
"&quot;Kia Ceed Other&quot;","&quot;519935&quot;"
"&quot;Toyota Sienna Petrol&quot;","&quot;4452500&quot;"
"&quot;Alfa Romeo 33 Gas&quot;","&quot;117000&quot;"
"&quot;Toyota Carina Gas&quot;","&quot;175500&quot;"
"&quot;BMW 525 Other&quot;","&quot;442000&quot;"
"&quot;Mercedes-Benz CLK 430 Petrol&quot;","&quot;266500&quot;"
"&quot;Peugeot 407 Diesel&quot;","&quot;240435&quot;"
"&quot;Wartburg 1.3 Petrol&quot;","&quot;65000&quot;"
"&quot;Opel Zafira Gas&quot;","&quot;130000&quot;"
"&quot;Buick Century Petrol&quot;","&quot;227500&quot;"
"&quot;Opel Manta Petrol&quot;","&quot;259935&quot;"
"&quot;Opel Frontera Petrol&quot;","&quot;292500&quot;"
"&quot;Daihatsu Cuore Petrol&quot;","&quot;292500&quot;"
"&quot;Dodge Nitro Petrol&quot;","&quot;858000&quot;"
"&quot;Mercedes-Benz CL 180 Gas&quot;","&quot;107250&quot;"
"&quot;Lexus GS 250 Petrol&quot;","&quot;2795000&quot;"
"&quot;Daihatsu Gran Move Petrol&quot;","&quot;286000&quot;"
"&quot;Ford Granada Petrol&quot;","&quot;78000&quot;"
"&quot;Citroen Grand C4 Picasso Petrol&quot;","&quot;825500&quot;"
"&quot;UAZ 3962 Other&quot;","&quot;55250&quot;"
"&quot;Volkswagen Passat B2 Petrol&quot;","&quot;143000&quot;"
